1 -0.019064738603648993 -0.18660140536472702 5.54749100054163 -0.006586549505750624 1.0705191905161404 -0.4011845067802461 0.882053601695183 -0.6743413691429928 -0.15842927416119365 -1.3920568599942664 -0.030857992454743743 -0.05271439980566253 26.84529040754606 0.0011070023959189133 9.482038633575955 -0.4483080704223525 -0.0025642745883682483 0.024685184343617567 1.994249094094587 -0.0011157647914758564 0.001468984985962864 0.12680296143677464 0.9919262100191248 -0.0017929171548600907 5.0264333109510074e-05 0.000432789357659842 -1.549148362600853e-05 -8.715143833240047e-05 0.0003522638032490644 -0.0017239922908849417 0.0004988802363335537 0.0004281987228416655 -1.6617746382071285e-05 -8.779979752385225e-05 0.0003521009618985393 0.019998796156983075 0.02547561086560728
2 0.08188082990374952 -0.1913575231598212 5.433805817249102 -0.0049527421147557 1.2260338682613718 -0.3958643650228528 -0.8974413436230885 -0.562109546520988 0.8375266133936246 2.7012352386441423 0.18467022234499275 -0.0553346276077103 26.844428441653655 0.0011620271797619164 10.522921487146704 -0.4370444751634705 -0.008252171262323985 0.02659263814233871 2.0004269768360796 -0.0009787334492649489 7.865499231296475e-05 -0.05599222538720491 0.9984307219784535 0.00035111094481891236 -2.3326355443545192e-05 -1.5870348257076562e-06 0.00015287472477941666 -8.283697281537986e-05 0.00046417266027329974 0.0003515175528149382 1.608027706699607e-05 -1.5387858498531492e-06 0.00015285269505502477 -8.374807844500802e-05 0.00046400913943786515 0.019999861329768658 0.027846885698954594
3 -0.02592629558734474 -0.19032217493447767 5.425728518507668 -0.005049723625889066 1.2343443890450105 -0.40402197598275713 0.6492831411284234 -0.3639789625510645 0.5877055882675392 -0.3021780245242405 -0.05468332328650238 -0.05474254686628004 26.84399626360052 0.0011495934841918808 10.584225895653136 -0.4557110126632097 0.0048061276314931844 0.025239791128842462 1.9998292884237114 -0.0009697452547052006 -4.1875514833966625e-05 -0.014966945127432837 0.9998875178709526 -0.0008416466866721758 2.780091859956447e-05 -1.4978257890558077e-05 0.0004041179018675272 0.00010931208670956382 0.0008073912751254711 -0.0008421033929816225 2.6264450600356376e-06 -1.4878231946467604e-05 0.00040420895126633033 0.00010774714191179247 0.0008076016026292793 0.01998917500487841 0.02569387206086455
1 0.04070236893148124 -0.17861752059989078 5.422697034459798 -0.004214124558507917 1.2402968119023834 -0.4012051698537835 0.45610702371516576 -0.21688239261037937 -0.33124386178062326 1.5307406500213068 0.10662552145084236 -0.048152861717328556 26.852960544354488 0.0010112100960638997 10.621655225616546 -0.4505807863496349 0.013719351141630788 0.020922769422586945 2.001627845529708 -0.0010377462532839804 0.00034436596031583685 -0.3708987304734113 0.9286726744273307 -0.001813862972328101 5.331908773391812e-05 6.245540303978481e-06 -6.641144145553276e-05 -0.0002824240374613326 0.0007713837318805837 -0.0013515413258033035 -0.0012109098166478561 3.7782092456014544e-06 -6.631101421982189e-05 -0.0002841072204167586 0.0007707653832181425 0.019344572505409236 0.025072549872852897
2 -0.29995963372072076 -0.18762419100484964 5.821275552344179 0.037971446400735666 0.5476394179760404 -0.3979070077947239 -0.6781987807201022 -0.6069766881534235 -0.7341083226143531 -0.0535053120971436 -0.6926561419899504 -0.05406219171438032 26.85011856898094 0.0011353060260019868 5.444090275836027 -0.4605124999813813 0.029451077139620307 -0.036065474549428635 1.9976559342377174 0.004419616683370393 0.0064170977743115264 -0.6555011283554285 0.7551539965922759 0.0014102590867507425 9.173013979924959e-05 0.00027172546291534967 -0.0008349360271247094 0.00034540953876461633 0.0010492519800534223 0.00010320147122991181 0.0014086734169800714 0.0002758051814902342 -0.00085118466092918 0.00034358557737263856 0.0010497249163645736 0.019026452353909717 0.046621658523236346
3 -0.0293259680200383 -0.18714887637338057 5.556539560213855 -0.00948573656976765 1.0569942715981093 -0.3996728850353065 -1.0265239722279964 -0.715907866852647 0.8784717060297745 0.6345503148731186 -0.06775825471389119 -0.052980271228662563 26.850252441374877 0.0011125856958019138 9.382819666027654 -0.4450674469584961 -0.013263669752111261 0.021549905000140823 2.0026267716852564 -0.0014521120663375132 0.0013933788283761617 0.3435997100981186 0.9391140447711749 0.00021658428556355547 5.852578195619835e-05 -4.091950999218236e-05 0.0003908604176046752 -3.514940712788267e-05 0.0004096209327914649 0.00020336103792508922 -9.499665301770385e-05 -4.0352823620224115e-05 0.00038937964865451245 -3.5874327281544485e-05 0.0004095554045154383 0.019997409757821688 0.02544058313589982
4 -0.014485015212278048 -0.1936944044272307 5.5438857411382445 0.005086183900350729 1.0683425834964484 -0.39945226176821147 0.6442025546869622 -0.6213811783281759 0.4115021685343471 -2.641733903587335 -0.02795768634846396 -0.05725958060135717 26.804174590210796 0.0012024511926285006 9.456017139449528 -0.44451501575184066 0.023575728287270076 0.011269325680491563 2.003107186526514 0.0006622007714636426 0.0010827719875835706 -0.4975453876660658 0.8674370157580235 -0.0004504860749212741 0.00015117107238276004 -9.827889647232576e-05 0.0008738226212388299 0.0016512774160433784 0.00048010005140727645 -0.0003576861286181452 -0.00031253187339803554 -9.916450887099492e-05 0.0008726044043825414 0.0016513116806609383 0.00047998063852264364 0.014063457194041052 0.02631477291710351
5 -0.042074305353027 -0.1937256047780393 5.3470415605956925 -0.006064767783377845 1.3326165575459317 -0.3967946084380589 -0.6403398828364117 -0.30596465611167295 -0.027773498046564444 2.979041123841858 -0.10831091883436605 -0.05671877039832644 26.856686269615118 0.0011910941783648554 11.192969438983361 -0.43851743823471645 0.0207381722869966 0.014931578283681878 1.9998547432133362 -0.0011815169513084507 -0.000489890068233697 -0.37251045592705356 0.9280271139629669 0.0017166086089190548 -0.0001580303056032433 -9.323357051756773e-06 -0.0006561747692345925 0.0003487544768816754 0.0006835008389470362 0.001349445918287716 0.0010727095299630468 -9.77735311136716e-06 -0.0006549516326117081 0.00034750446751989145 0.000684136120210614 0.01942248787205719 0.025554743578853338
6 -0.04882970070702488 -0.1854785230958741 5.756939907746704 0.027764134855987627 0.7052379172750302 -0.4043221269206176 -0.9489923874238657 0.30775659491401497 -0.45328007752084043 1.808738512753207 -0.11066159495650996 -0.052467600502694826 26.855386932825795 0.0011018196105565914 6.721903808908655 -0.456131456794182 0.025282370273845625 -0.003148041272786631 1.9996879888278327 0.003093055246940348 0.004948802010825553 -0.6572748141752431 0.7536283971685227 0.00013276150082437718 9.87260984953929e-05 0.00017603119538180025 -1.9939864650334153e-05 -0.00013416525538081803 0.00040778505227336427 -8.178555683868854e-05 0.0001446268352171645 0.00017536716226380998 -2.463962411105346e-05 -0.00013491674541426645 0.00040750993690562195 0.019996547999572022 0.025479516508178843
7 -0.09113018094167318 -0.18033138680605185 5.74665899533886 -0.027452378012534927 0.7238326746535719 -0.4024088208055983 0.7366761885266153 -0.3380552927887655 -0.8820825418293545 0.7685243610704036 -0.20724583893501647 -0.04915299293928028 26.846530403555832 0.001032212851724886 6.87607264802074 -0.4539019243248542 -0.0174716620818692 0.020279195790086156 1.9991947506537524 -0.0038397033761735297 0.004097980774167858 0.5550475037645846 0.8317996945156093 -9.801600088192148e-05 0.0002441684329939833 0.0001397629646823769 -9.538550246099563e-06 -0.00011455315688572162 0.000540368834663819 0.00018628359014686048 0.00018396732886725629 0.0001421741620262724 -1.55257471575399e-05 -0.00011554647468130474 0.0005401241235959423 0.01999192757089374 0.026779715911587006
8 -0.23664987622278263 -0.17880355872574769 5.906861350921846 0.05771368544745204 0.2517898358152913 -0.40117911516782273 -0.9807176179237732 -0.357620076267253 0.26315218993651496 0.08324058809571877 -0.539776262732211 -0.04911673589845638 26.838372624603643 0.001031451453867584 2.912111264570304 -0.46000455308175103 0.02312536531368988 -0.03215792834517284 1.999796155406621 0.007607734298913444 0.008715212046993746 -0.7152385228847955 0.6987846755899768 -4.815019290951641e-05 7.891639208742377e-05 8.022282586653173e-06 -3.62636746080356e-05 -5.8540866339066876e-05 0.00036195092950296265 -7.79378783948524e-05 -4.998646746342403e-05 6.134754848974284e-06 -4.461127742101007e-05 -5.920479371552879e-05 0.0003617466217232245 0.019999160718834105 0.039610054644788506
9 0.01984642405331177 -0.18994450493987228 5.54791839711667 -0.0029630969402444298 1.0667846050740466 -0.4099783840762866 0.03717634590856646 -0.24212462778695049 -0.99646489412935 -1.8678304086893522 0.053577058076115014 -0.054429473770830704 26.834497509456803 0.0011430189491874448 9.452663342593294 -0.4710526735083488 0.004436658443369712 0.02518081839965973 2.0060809047648958 -0.0007317367117394204 0.0017138964351024186 -0.12896560870384818 0.9916473157791738 -0.0007208979916183275 -3.0644176347855305e-05 -6.846741179966065e-05 0.0005287946592042605 -0.000161807844930284 0.0013493366976601929 -0.0006888556651336095 -0.00021388233008589884 -7.108437122377973e-05 0.0005244627164777458 -0.00016436227686963018 0.0013490209703885048 0.019977678246459026 0.02628183700161573
1 -0.15119357793423507 -0.18262051318656805 5.87959466703505 0.050541342539014766 0.37346970178144506 -0.40622714595395315 0.5899361077315831 0.03852759436713217 -0.7653153080101646 -1.0952710799608356 -0.34064153061322655 -0.05100453226860935 26.856793976193323 0.0010710951776407964 3.957152524635535 -0.4651433226231596 0.025238829749879652 -0.020041673507268383 1.997813360749481 0.00625258066479084 0.00805590031868573 -0.7043646632890999 0.7097650518409023 -0.0011370108444799442 9.298699958495136e-05 0.00017615852363104596 -0.00018517226822841674 -0.0005906963614083778 0.0005779508071462386 -0.00010518520896811654 -0.0011366970746332693 0.00017125390605524543 -0.00019687218112832117 -0.0005921237440452039 0.0005763695955184573 0.019999802880798178 0.032302454942732504
2 -0.3297658063059039 -0.1118792730432163 5.8974264701300845 -0.05616983010972235 0.3019516860716299 -0.39938219654123597 -0.34872177499145995 0.06322458240412454 0.15693879039749473 2.618878719220965 -0.7742624982961837 -0.01857273200070026 26.85685474376173 0.0003900273720147055 3.354797523700139 -0.47734043169428103 -0.011713786411161272 0.044918294559657325 1.997442871847718 -0.00782132394124855 0.008043380707640747 0.6729982049270127 0.7395590220419306 0.00150618788813491 0.0002594802503858633 0.0001390342004174286 0.00029601096344251455 -0.0007429658089876516 0.0009877445552353827 0.00039675550169502997 -0.0014752205937024693 0.00014687319490357527 0.00027386120320145525 -0.0007436988067943876 0.0009869442601361474 0.017754305315561787 0.046490911828244885
3 -0.20709729262414253 -0.1752571477738636 5.766512406208274 0.030384935195120564 0.6781367375656168 -0.39531301736804725 0.5706903226742783 -0.01581307172346118 -0.21852442577080305 -2.1679872557057136 -0.4580493534612866 -0.04676552999253121 26.84467161449921 0.0009820761298431555 6.517386826705957 -0.4436125386687436 0.025611476248148416 -0.026534676797432294 2.001511038142614 0.003578702167191761 0.005045832118353274 -0.6910396180790527 0.7227904113324892 -0.0015179816175043817 -0.00010837129844491514 1.4296643674202609e-05 -0.0002654271705179188 -2.1249719879456192e-06 0.00018902813259917667 3.9955664314149324e-05 -0.0015213399767080808 1.2047555240553874e-05 -0.00026774091419813097 -2.4653017073144113e-06 0.00018900983915541447 0.01999776829661552 0.036909619675934036
4 -0.08779533032505583 -0.1042638737153878 5.498605069546159 -0.0016420955846857528 1.1383612226056117 -0.3968299873666319 -0.7172938552226109 -0.127916577465126 0.769520444693057 -0.7020278157236599 -0.21462558593394887 -0.01686849271959821 26.849647578955633 0.0003542383471115624 9.957707480391779 -0.44969187898293106 0.016100172045689122 0.004984240718524741 1.9987259935554194 -0.0006406208871614044 0.0011368712021377252 -0.27640095410799315 0.9610415233989319 0.0017198527730579779 0.000870604407109588 0.00023398798094391993 2.0859249893080442e-05 -0.00010260576447711566 0.0004064970150185549 0.0009941115979908838 0.0016508406348766094 0.00023887925586009014 2.011494393389352e-05 -0.00010336158656622418 0.00040630480498522373 0.01976210347443471 0.01690210897674673
5 -0.13791155599166802 -0.1751445471665996 5.446407459132934 -0.0037304554453836476 1.2028128751227558 -0.3990921274754834 1.0199378305821154 -0.35129621846503434 -0.8036574606177789 0.47288341394446 -0.32211012030124486 -0.0466203776285332 26.821858672030544 0.0009790279301991973 10.375349679124948 -0.4502871197736439 -0.029106335619074164 0.0074687056607597516 1.9975730635186386 -0.0016624198391426885 -0.00014376776767687603 0.8361611106252634 0.5484813695733278 0.0005710058357140196 0.00010933331447605286 -2.0592898527178133e-05 -0.0002466616382948553 0.0016041824225719874 0.0009462375086427632 -0.00012711055830318574 -0.0005672566663123399 -2.209719519755887e-05 -0.0002491430456271448 0.0016022259346386018 0.0009495433453194772 0.014063675065963873 0.030147145106988373
6 -0.15035599141109288 -0.1790495746962469 5.667857226947344 -0.018884600743757616 0.8708530922367097 -0.40446997148176006 -0.2239010635403076 -0.6552202837712244 0.9167787502662572 -0.7733012924238838 -0.358544568120856 -0.04818468253838718 26.83818204083594 0.0010118783333061309 8.038250357637562 -0.46231832163353537 -0.023329258736425253 0.021626065655905823 1.9981151120719642 -0.0032451488881509037 0.0021376776958331937 0.6817916558458745 0.7315360806971198 0.0013995067674966296 -1.675746272850863e-05 2.209212249049205e-05 -0.0004055607471468204 -0.00013768844706024675 0.0006490641973399322 8.151854780663491e-05 -0.001397260491591146 2.0147250533606585e-05 -0.00041046287433306184 -0.00013887794091693273 0.0006487922066410137 0.01999001789021783 0.031866813951913646
7 -0.05445705070721701 -0.18952644226850984 5.464718138991624 -0.004150090966677145 1.1826864160901556 -0.39863184564252024 -0.9745552054104323 0.9549454278440133 -0.5722471851778312 -2.455453672590109 -0.12745203896424406 -0.05419361152869622 26.841629383720818 0.0011380658421026207 10.249252194841377 -0.4427950848803647 0.01022510348372091 0.02425199963292489 2.002747755147668 -0.0008614708113597247 0.0005149177404240306 -0.06506525119075679 0.9978805067818719 0.00037919770939022875 -0.00018909392850316461 -5.475437224645939e-05 -7.305285099631473e-05 3.780015033444621e-06 0.0003822777438719422 0.0004005918830870015 -0.0001381545217401023 -5.4634505683073946e-05 -7.340284504910029e-05 3.0971476588241536e-06 0.0003822837259863645 0.01999738522831172 0.026462471271589984
8 -0.05419261498863562 -0.19363114031632073 5.498892521931484 -0.005927010164131443 1.1367316948463841 -0.4004560634914899 0.7694322681037913 -0.5870685559794605 -0.38535066645542054 -0.12036359366435567 -0.12149939161494194 -0.05663538385473951 26.842109076148823 0.0011893430609495298 9.941578108452248 -0.44636032160061956 -0.0015741307758708883 0.026808755061742545 2.001783857124557 -0.0010617153959950885 0.0007526465290524993 0.17082042635626485 0.9853013184925128 -0.00044121547972761783 -8.111726995428994e-05 -1.777539324849249e-05 -1.6249143517858066e-06 -3.3242255565665044e-05 0.00031737658926307504 -0.00044273866949064513 7.217177347614503e-05 -1.846026251733583e-05 -2.2107574455411547e-06 -3.382461240747041e-05 0.00031731451172410874 0.019998037479248904 0.02691411120399267
9 -0.03065664624205848 -0.21904221308383576 5.547734793621159 -0.008372276225495329 1.054485716609409 -0.3967632528128112 -0.8720849645668517 -0.7106815465901457 -0.9150787937883851 -0.04900555367948778 -0.06948993580847107 -0.07230437316129869 26.774825818066127 0.0015183918363872726 9.373172663684116 -0.43482957744881456 -0.024242692734781836 0.017022407961150725 1.9995967370212582 -0.0020655373732181652 0.00012468906306144732 0.5200954601369858 0.8541056318470769 0.00026248792985493605 -1.4904225436768054e-05 -8.508439579365473e-05 -0.0013760607531113184 0.0012164903203418077 0.000576439998969927 0.00010744185963543322 -0.00023975481346240492 -8.564624850312136e-05 -0.0013774220441164777 0.00121452416294506 0.0005805695276253864 0.01725247713209323 0.029624873752624084
10 -0.21652870348773165 -0.1488877985816451 5.645215818769115 -0.015224818864913236 0.9168187190689366 -0.39920811323634453 0.5106274256754983 -0.02183442154956036 -0.9048024253713359 2.775276724100256 -0.5122448777732777 -0.033458445689371674 26.86734307764519 0.0007026273594768052 8.395683216655334 -0.4574602420898861 0.002987557289199534 0.03451189641525303 1.9927060148855882 -0.002179925602607454 0.002590905048922009 0.4107237430107178 0.9117535533589438 0.0018614489313428814 0.00025593941198945465 0.0005422671970389582 -0.0003224923026667199 -0.00023722230307815834 0.00010804938027772841 0.0014215453326547184 -0.0012255828424176654 0.0005492780563344703 -0.0003231962690334524 -0.00023742144598392015 0.00010760878716148498 0.018075975313301077 0.0354005467695439
11 -0.2992794554812473 -0.1960895478235589 5.920393388760273 -0.06018992788605059 0.18131902658772522 -0.3982187801101742 -0.9776738501411856 -0.6969211066032254 -0.08347460026462676 1.8844680435479484 -0.6702820941238719 -0.05737802624230135 26.838090762780624 0.0012049385510883284 2.311577458433306 -0.457532803469702 -0.010405455142073937 0.046617297062393176 1.9987513208549155 -0.007737714107850214 0.009902152990162318 0.5753556680762765 0.8178067805778124 -0.0010890804798515525 -0.00029868480707359834 0.00015096570637386451 -0.0004316105081530063 -0.0010409152652268642 9.702885059045657e-05 -0.0006526449044275171 0.0009239667301499617 0.00013579271104159082 -0.000434045929494342 -0.0010410368278648044 9.568478970711124e-05 0.01998832121864543 0.047780802439101974
12 0.14794883772780223 -0.19187995453766402 5.114012431165877 0.0069968770694994395 1.5868044238476773 -0.3877515611936311 0.045992322057519276 -0.10887824791712293 -0.47091856358731066 2.424054564631443 0.3369846002974435 -0.056214624901833626 26.881911166070644 0.0011805071229385063 12.579008698942847 -0.4194629936583748 -0.030813507543086843 0.004705739494949693 1.9827459694708844 0.0003229205847424751 -0.003060615857332929 0.3741177677717625 0.9273760964087566 -0.0015347131895309583 0.00016889460654027477 0.00024201319143957542 0.0008718328369091251 0.00024111373946055097 -0.0007993464824712194 -0.0009864476999988353 0.0011861409259576361 0.00024986193388513577 0.0008671020609214026 0.00024246518859449506 -0.0007989235798711614 0.015668644894273515 0.035627486591139866
13 0.15017320856546806 -0.18753751616679984 5.047066367648486 -0.017961167543265433 1.6435704610126298 -0.3945440747689062 -0.6779567537150464 -0.18437541087378728 -0.4828809050115573 -1.289100843313829 0.3368950142540623 -0.053050248367778094 26.84779362313091 0.00111405521572334 12.842233352623047 -0.43794520695633454 0.018835470345241138 0.025685127473698235 1.999461986008523 -0.0028558964538604814 -0.0021909248419724006 -0.6104766683844056 0.7920260608477844 0.0003491373678991617 7.894734350834803e-05 -3.1371756218520124e-07 -7.088586148859671e-05 5.3800685119141764e-05 0.0005477605500330974 1.2554360168400342e-05 0.0003577317478105704 2.6034293744897693e-07 -6.707484186490717e-05 5.2787854104059106e-05 0.0005478458291165197 0.01999609441693697 0.03185577146329392
14 -0.09237778558056817 -0.1911866128230163 5.4889330718539755 0.0014826248429248286 1.1505662076748093 -0.39733346465043917 0.5582268120351033 -0.8738274809486339 -1.0112943989973975 3.0231020356938814 -0.20703706314991932 -0.055306870785411265 26.841943458044003 0.0011614442864936367 10.03160957515283 -0.44068685090936344 0.028639049449006488 0.0019857135423978906 2.0035433009371624 -0.00029148570645004876 0.0010728372130385494 -0.5029541870528677 0.8643123566063292 -0.0005402446068047785 -0.00016719414659570708 -3.765624862995323e-05 -0.00030300350307904065 0.00026981311468008204 0.0004328752722040946 -0.00012149899067152647 -0.0005522452775878519 -3.872027306352686e-05 -0.0003036793620662987 0.0002691275154196665 0.00043330132909766457 0.019996217248740986 0.02892564939887084
15 -0.007686383329402899 -0.1885817874919753 5.497437111420792 -0.00605003837917096 1.1396494690121395 -0.4007996812613102 0.5534958749125505 -0.3334050472772225 1.0014578579214322 -2.7076443893184674 -0.015488060103967971 -0.053814637693156364 26.8420873959656 0.0011301073915562837 9.956807532067952 -0.44727129549917144 -0.009014759998867194 0.023413651794622826 2.0018279229158513 -0.0010850854579559626 0.0006805762901297306 0.20552806465055404 0.9786503839709357 -0.0002327700880047543 3.721760966120769e-05 -3.917317175982449e-05 -3.142607701360482e-06 -2.6919020066592526e-05 0.00042767014895202167 -0.00019806311551282945 0.00012778463443980558 -3.928983582043348e-05 -3.903058053563103e-06 -2.7707633779614965e-05 0.0004276191046849832 0.019994155449647746 0.025155641323236326
16 0.17363235297929303 -0.19670504293415264 4.814485021023148 -0.020569414037976075 1.8432517923988327 -0.39183332562005835 0.3348625175875386 -0.5336654415012168 0.5321435560914174 0.15417085745976022 0.3816742500263731 -0.05836932431506162 26.851501714026867 0.0012257558106162942 13.63177423790406 -0.4320501475774562 0.03176804009940248 0.013342322793202133 2.0094613955940623 -0.004329210303724225 -0.0019317798174351784 -0.814986542493254 0.5794604919403693 0.0009860535084596927 3.242845195595786e-05 0.0001197453047693574 -0.0001561748426215183 -4.4754966658035124e-05 0.000489387156073222 -0.0003533486021329353 0.0009204743098324718 0.00012475525786663649 -0.00015162585371915284 -4.566929059386585e-05 0.0004892815326237209 0.01999440935592563 0.03573155406447622
17 -0.1900065888295988 -0.17552866687146487 5.886687512438109 -0.05144048420974012 0.34349262715647233 -0.4055659246903095 0.6256604216532804 0.4986985412331473 0.994760322612583 -2.408091819994885 -0.4248265029642718 -0.04638291611830773 26.846804676622256 0.0009740412384844624 3.7073041451198607 -0.4661232267029538 -0.01630137608884049 0.02945509794805376 1.9941124219382482 -0.007199061020408095 0.007425490665885409 0.6289707131580118 0.777360198105291 -0.0019500815246876585 0.00023528564976883738 0.00030874474984018843 4.128974799249231e-05 -0.0001240088789986384 8.410026668456198e-05 -0.00018325160359813024 0.00195567132102054 0.0003086570011933252 3.955723549697865e-05 -0.00012416439432566342 8.385259989474051e-05 0.01777246759728268 0.034176033019536985
18 -0.08547221022669246 -0.1895555082727678 5.443588653147633 -0.0030920738383728263 1.210660596311624 -0.39292479809567327 0.5652796288590813 -0.5096945970066002 -0.8312267343438655 2.1319674432405034 -0.20071679836583822 -0.054359054488370986 26.845349497910007 0.0011415401442557908 10.433164052586825 -0.4316754139203076 0.01758159033702488 0.020918165847800877 2.002346092441129 -0.0007098581682860332 0.0003274481627534827 -0.14867942106568374 0.988885139250588 0.0010821370882929894 -0.00013593205079414971 -5.178257188301751e-05 -0.00043276017425715495 7.234966948462818e-05 0.0008416839391193194 0.0010742883373891972 0.0001883614936257665 -5.1030881941989e-05 -0.00043312759845339145 7.10859628067753e-05 0.000841791529380786 0.01998651508461337 0.027426011940444295
19 -0.010449877394030263 -0.18068055771616304 5.498935548489007 -0.006622227957705176 1.1452157693850944 -0.38355476489368023 -0.06462419389028459 -0.20158501135744533 -0.8178645194431466 1.5690302501103437 -0.012572360215504674 -0.049821147563525126 26.881045602970886 0.0010462440988340278 9.992534247305453 -0.40962357152390366 -0.016305598696294166 0.016531245765629678 1.9994674366354885 -0.0009860531782631397 0.0007921109709532091 0.41782197321407616 0.9085280397207536 -0.0015636250911298885 0.00036644449441461445 6.527204820007497e-06 0.0009263844474652508 -0.00039370535945653165 0.0005976169966239986 -0.0007394913014298477 0.0014256080902742187 6.464174717822377e-06 0.0009250318612606397 -0.00039438029060132523 0.000597170278575934 0.017291684122081062 0.02322581019352089
20 -0.03877255553877195 -0.026167731353234143 5.546012302967467 -0.006315907996674188 1.0740772076673435 -0.3929734766460691 -0.297170635828798 1.0188730653524953 -0.1449317734509849 -2.643584063052548 -0.08838256428590685 -0.001096351314191565 26.859454814096203 2.302337759802287e-05 9.512177715824368 -0.4496561867844719 0.004201825152679736 0.004206401186957689 1.9976416725544108 -0.0010640102998380199 0.001445276549256906 0.12582167597688707 0.9920512511519479 -9.566027707234405e-05 0.000656973444051102 0.0003025785732642821 2.4536181082321266e-06 -0.00011787062815214718 0.00035799221061580026 7.042712124338237e-05 0.0006595232329450254 0.0003039538017457329 1.3311951293226622e-06 -0.0001184960078153418 0.00035778393499576264 0.01999996727869238 0.00639615930851869
21 -0.011495205038001768 -0.18394944729404003 5.20529828547453 -0.0123974142028651 1.484750967512828 -0.39793834042395904 -0.2821172792657005 -0.9325145518821434 0.774311596305205 1.213384860377789 -0.02865814475861239 -0.05113827378918157 26.84088031675902 0.001073903749572813 12.066493407407716 -0.4418860646779378 0.023889498586747333 0.005513086419759755 1.999447861826799 -0.0021329516338940376 -0.0012393243649988174 -0.5978637860109648 0.8015939171233032 9.385055692683597e-05 1.650088933223469e-05 9.020392169047849e-05 0.00023349975445085538 -0.0001875064940724348 0.0006831741020904747 1.1351640606306778e-05 9.448488920423901e-05 9.033659192255281e-05 0.00023659951950023457 -0.00018882987920764796 0.0006828024657699517 0.019989769901363544 0.024523603347800422
22 0.12219786942242404 -0.2099336212399754 5.030866456610723 0.016923408179950795 1.6457878793067793 -0.3968322082991707 -0.9376218275474345 0.360812439062125 -0.8486236832761959 -2.467824622891424 0.2859718220352613 -0.066661450430485 26.756187491740675 0.0013998904590401852 12.832134265442022 -0.4379331296865445 -0.030514894015675864 -0.0069987540173185175 1.9899290189907504 0.0010633855372633666 -0.00404447978173076 0.5938768829801476 0.8045450635335963 -0.0014673258345678283 -0.0003333151010737367 -4.055244907965274e-05 -0.0008053555852088083 0.0009986204060580643 2.0570907100913532e-05 -0.0007510849121023654 0.0013041159985531935 -3.0683540377799356e-05 -0.0008051957292520851 0.0009985520088262268 2.365877701208936e-05 0.018477105285060465 0.03288717034151053
23 -0.10457151963318341 -0.17737985984243246 5.551103434968203 0.005172587380835653 1.054968809498945 -0.397600011806189 0.7054848130350364 0.5541525955252189 -0.547954543078048 -2.5738854572432825 -0.22750720844234285 -0.047697410483567425 26.815937239962523 0.001001645620154916 9.391901209653673 -0.4432173152275779 0.028265908267863713 -0.004064783011062709 2.0038222429364634 0.0003432379650496773 0.0015621712944417481 -0.559085217824807 0.8291086545310778 -0.0016083525785512143 -7.055282471853229e-05 -4.893513198388195e-05 0.001013772015951714 0.00030334644172557237 0.0003951872060946984 -0.000537325075707767 -0.0015174698324444578 -5.232051019453223e-05 0.0010125966430400682 0.00030288085473664295 0.00039554240973758916 0.019971845431025054 0.028811344505240543
24 -0.020250938592536682 -0.017139886373992257 5.534261161892729 -0.003595932003596426 1.0968510559399967 -0.390771087564422 0.6893150588459297 -0.7182691232161674 0.049652517951088083 -1.617153636314512 -0.04069962842607433 -0.00048427916229397503 26.884868205175355 1.0169862408173476e-05 9.674386638547624 -0.4454759727141673 0.003540742385005166 0.001342672471624536 1.991589489902765 -0.000804247253627696 0.0013867885260945658 -0.08443039157298761 0.9964280902216531 -0.0007486399825646738 0.0006303592465488978 0.0006326813300492671 6.220973852116438e-05 -7.383978244545536e-05 0.00033002875251679465 -0.0008456905143980688 0.0004942465060671311 0.0006313701083315567 6.134246775629839e-05 -7.444589537350888e-05 0.00032989141768594233 0.019999800899051054 0.009223681808189233
25 0.05862951406618958 -0.07225887706977914 5.607672545255502 0.007148783494553574 0.9880770243089949 -0.39538287558826013 0.8310473231481706 0.2039700130336904 -0.7457821384506617 -0.12348930248577705 0.1503437226711275 -0.008108696894139181 26.878775844964597 0.00017028263477692282 8.881581762725656 -0.44931684296050256 0.0037462556609921954 0.011681629679944044 1.9939084152933308 0.00037992742495175777 0.0025321174161476376 -0.4315972080911428 0.902062799368466 -0.0017547912493270856 0.0006178406968914959 0.0005426784758104102 -0.00025604862739542737 0.0003302646282144022 0.00013228301684269179 -0.0015847582105932732 -0.0009795329792715115 0.0005334565962052373 -0.00025669631270378804 0.0003300657959074644 0.00013277677534235646 0.014999629205282328 0.013696799177011802
26 -0.10366783124412664 -0.1837237329038394 5.596584660899494 0.01022199053832638 0.9940588206036882 -0.40366330315598326 -0.4582949437602154 0.7172917957103031 -0.5945031940667008 -2.1887971018337247 -0.2530709014961362 -0.0514904685117712 26.849078774925296 0.0010812998387471952 8.943178934895867 -0.4568164383192105 0.026160702782434802 -0.006107144277768692 2.001960144548199 0.0007183012734125769 0.0025208150312971875 -0.5948569745886633 0.8038272882392592 0.0019452861300477244 0.00015159034131980595 0.00012014204246470508 9.464638973089932e-06 -0.00014090712293046847 0.0003905677467210405 0.0004230050878775201 0.0019044185681544115 0.00012573178835732616 7.54805552396306e-06 -0.00014162719507217872 0.0003903025062629788 0.01979295007819243 0.02693551090939635
27 0.07716346939336122 -0.19188511537356706 5.596260983680616 -0.00523455980744101 0.9987673387453734 -0.4125760537115743 0.6369737295329446 0.6381212027707795 0.4656349008147882 1.503291740732493 0.19443373775387895 -0.05598875419262407 26.851983332148073 0.0011757638380451056 8.957327169086367 -0.47252217501542504 -0.010696950610318487 0.024899213419799386 2.0054279242482425 -0.0008652604770898362 0.002410266667384119 0.026557549082653953 0.9996440058969099 -0.0013249936829169352 0.00016941007288400243 -2.5043333579419408e-05 0.0007202161333302531 8.745035934445298e-06 -0.0012958469785515202 -0.001313993090064007 0.0002395686069616833 -3.1052261489261905e-05 0.0007265201381557012 1.0820820411022405e-05 -0.0012958159733709846 0.019222444132573322 0.02763798008047928
28 -0.02082651262015227 0.0080318107644099 5.498940642454779 -0.0021753379838583644 1.1425573246436007 -0.3875554305244336 0.9644787885977787 -0.6926073439939298 0.28642617747484966 -0.5948561952022406 -0.03662764959988496 7.504285555856245e-05 26.863772567933957 -1.5758999667298115e-06 9.97963593919095 -0.44176496022484146 0.0033156680755280915 -0.002472063207300333 1.995297350987944 -0.0006437690170152572 0.0010140025306793028 -0.17732258994147804 0.9841520494602279 -0.0015863014312875938 0.0006859871004010088 0.0004022302001201909 -0.0004073958060374642 -4.021801878374991e-05 0.00034691458237177833 -0.0017266794198876328 8.853637046828079e-05 0.0003993233761642219 -0.000408008996905281 -4.0782306890277056e-05 0.00034684815689108446 0.019997311296198313 0.006262560100993539
29 -0.022556039772268204 -0.04294413398778583 5.528032258816445 -0.0065373847584813925 1.0998332931216868 -0.3939973537569763 0.10202301056269049 0.46003980249271764 -0.8639827545517801 2.9650606335408183 -0.0525460596522479 -0.0028947073838837016 26.85638627561376 6.0788855061557733e-05 9.688358142097645 -0.449288927105412 0.0010895992876529537 0.005857938043313502 1.9975950691386384 -0.0011371731163881218 0.0011322774435571124 0.14799844625567957 0.9889862914575707 0.00016019258144954053 0.0007009696006045297 0.00025819132764915163 -3.38976312112906e-05 -2.490719943762696e-05 0.00025822657961118036 0.00035770728648743184 0.0006228714528449083 0.00026030646596088383 -3.456287799839538e-05 -2.5401437347930172e-05 0.0002581775734429434 0.019996289510898196 0.0064254460681639055
30 -0.16038827499289401 -0.1819205743658835 5.77653943242116 -0.031244983099181535 0.6596992659290352 -0.4049721340210194 0.07242997977452934 0.15753133632660693 -0.8732566718424829 2.860853904445518 -0.37053941024079073 -0.04972648271531576 26.85519025746022 0.001044256137021631 6.369567164302796 -0.4627865996110939 -0.015257555853158748 0.028479303917495126 1.9969969689212492 -0.0043512616632275306 0.004656175029728215 0.5703581057653745 0.8213714249617919 -7.004057488904466e-06 -1.7748855580657582e-06 0.0002666576021959908 -4.730974857545908e-05 -9.883346743230712e-05 0.0003327560962419551 -7.472913345443233e-06 5.4529480253971e-06 0.0002665950201577876 -5.150661918577671e-05 -9.944445042370677e-05 0.0003325475325842689 0.019998281276259904 0.03244814259549004
31 -0.12429913187904974 -0.180464457591459 5.802556462832983 0.03553889986241455 0.5953519135538337 -0.40326955187228186 -0.0360704909406658 -0.505433604225411 -0.6400884972242905 -1.8000147716369912 -0.2837485910343188 -0.04974817675340181 26.84555962915562 0.0010447117118214382 5.833717073469785 -0.4567851026735005 0.02409355570076435 -0.01667189426184723 2.0004448195045206 0.00438850087821811 0.005678734946991726 -0.7076726933327575 0.7065039647026793 -9.872670237342776e-05 7.062163914174127e-05 4.564832754248167e-05 -5.996793803166109e-05 -4.496813399251328e-05 0.00040443013818099665 -7.109974802904084e-05 -9.892603640243353e-05 4.4459111956208704e-05 -6.572513935627435e-05 -4.5710747500222996e-05 0.0004043058890737895 0.01999391157752271 0.029302719139623387
32 -0.0022782042127490643 -0.192098445890238 5.4777791967698795 -0.0030892306121105685 1.1657143023873295 -0.4032885945900869 -0.09609942648833941 0.11353992273062503 -0.689291357471288 2.297171898871138 -0.006593353490626952 -0.05601042879170789 26.840463791421655 0.0011762190046258657 10.134377947599909 -0.4528304557377424 0.011505476481380589 0.02268431348115285 2.0041009844842024 -0.0007810355435807585 0.0008100879135905538 -0.228858158831391 0.9734591295361905 0.00026244669542477116 0.00017139615688507287 -6.455778617250489e-05 0.00023789593371423094 -0.0001309326067233289 0.0004209852765484672 0.00015866436318055942 0.0002705014935562427 -6.385280048830676e-05 0.00023738246545019606 -0.0001317286252615359 0.00042073656391024896 0.019995918091680692 0.02576377575035312
33 -0.10867488073283291 -0.18371323204017534 5.381195491782353 -0.0054145594019636865 1.289914330652008 -0.39785154376697385 0.07972144776409475 -0.8698999856873643 0.329622454763013 3.073231683760146 -0.24953405676562224 -0.050973325479319626 26.861130550471835 0.0010704398350657122 10.945926221478862 -0.4439880359122726 0.027868265600725903 0.006268828379910607 2.001423612484221 -0.0012435643025790189 7.63206512172321e-05 -0.3966484204456705 0.9179697589141693 -0.00012168044262957724 -5.435419099579378e-05 6.423772705628083e-06 -0.00039451175990259924 -0.000265411773108718 0.000695565107096622 -4.380508781679001e-05 -0.0001258764057914241 6.1658575645804695e-06 -0.0003939230367029828 -0.0002670412079826362 0.0006949409141496978 0.019997841816067886 0.028600089324241722
34 0.007169503764145869 -0.18973623581210144 5.4677162783631745 -0.004940496526409543 1.1805066955547185 -0.4004792304732951 0.4352939380564928 -0.2956664275104709 0.10362332455744463 -2.562868029297177 0.01543555492808002 -0.05446561467385332 26.84437771341898 0.0011437779081509198 10.230212785270417 -0.4463987980478028 -0.004661248125810369 0.024912314653001873 2.001082597585493 -0.0009548422524541288 0.00040990545031635 0.07056014830744792 0.9975069853011685 0.00021724288434244132 9.055910753543872e-07 -9.305502922220072e-06 1.23965739998004e-06 -1.7932996711585604e-05 0.00036592811196095744 0.00021521596364038745 -2.966736101634464e-05 -9.155324238924497e-06 8.911054861823804e-07 -1.8608863759372162e-05 0.00036589419808944395 0.01999990961256079 0.025367748678049015
35 0.0112672511296922 -0.20195749550741748 5.524977227479992 0.0024481824090786157 1.0999519115465528 -0.40099439502662904 0.306783160091793 0.7964713686218446 -0.19120779497078022 -3.0762046295576195 0.018251746056941798 -0.061911857876798856 26.83170225248052 0.001300149015412776 9.683662066082395 -0.4466324227609274 0.020434686208779928 0.016480786931391593 2.0023323270092726 -0.00014934182022924828 0.0014634349965867055 -0.4660402343988669 0.8847623047895298 0.0013478823435987188 3.794107561380861e-05 0.00010545428338420199 0.0003305965505202903 7.630157933531992e-06 0.0005164814787236708 0.0007308267281171494 0.0011328453423586438 0.00010909017854001585 0.0003293309717177972 6.78915937176006e-06 0.0005164916676965852 0.019997535451452157 0.026355881461400808
36 -0.30380668857547494 -0.16086570445871412 5.629145860102511 0.008688607404123031 0.9405669490217236 -0.4153878370232673 -0.7933170004690885 0.7584691573714379 0.786255859603068 0.38469698377202155 -0.7224913077442634 -0.039648917668479895 26.855186723978427 0.0008326272710380779 8.555405443068189 -0.4999117562764527 0.043717843985203494 -0.01549996863087958 2.0047786270400825 0.0003922544081415806 0.0032608498095123076 -0.4019845065746297 0.9156405787583634 -0.0006694109806139594 0.00023333706235268562 6.371687139865855e-05 -0.0012426129335185237 -3.4184674628522774e-05 -0.0013712633266108917 -0.0006252247191161448 -0.0003349812385237094 5.914985864747804e-05 -0.001233991947430836 -3.157469531384616e-05 -0.001371298807737446 0.01984321848446323 0.04662975645080136
37 0.09304032287001293 -0.17955645286647723 5.636353525161066 -0.010115509681707826 0.941712433418255 -0.40897735187983697 -0.05018676976019512 -0.14894267305142087 0.7261661772332233 -0.5686689581123954 0.23454185900428914 -0.04891717950097918 26.8799693096675 0.0010272607695205628 8.542634369414278 -0.4685185201109594 -0.01973917501828433 0.016990886237727956 1.991535631034157 -0.0013798710916610476 0.0028512079258816514 0.20299104467114434 0.979175470665218 -0.0017559295423747764 5.9327346031081016e-05 0.000657989531905134 0.0005661539072014841 -0.00026159557919579033 -0.00020163805662498066 -0.0015916523649285802 0.000751465947531048 0.0006493844737802424 0.0005673927449411482 -0.00026128379021495327 -0.0002020381132020466 0.014932771273816259 0.027385594525878014
38 -0.016880786510671063 -0.16121258544841308 5.473691277407356 -0.0008587624076241207 1.1725899864829403 -0.4002960672504691 0.07384277714625549 0.33647301028960896 0.3692622674874656 2.444428502412599 -0.039704957973719535 -0.039583240113588575 26.8461780992095 0.0008312480423853601 10.180058024782664 -0.4492421778573138 0.017978971464245423 0.011617222749995978 2.0016292760645533 -0.0005928822786063558 0.0008983208077622078 -0.4291689852824767 0.9032235734201911 0.00014990052431411755 0.00031937634095426977 7.664757252331896e-05 5.704973599773805e-06 -6.019184875538944e-05 0.00039746432945055005 -0.00015300783864807924 0.00031779899610294014 7.706272842892036e-05 5.26224774622185e-06 -6.0923905085346974e-05 0.0003973525306640657 0.019997713539705534 0.02146759930289602
39 -0.004334622742633776 -0.20267275503209634 5.426597402980352 -0.004226754217885464 1.2337355471658324 -0.387692610624249 0.9953691610768308 0.7389393767472338 0.045412563574832386 1.8992802772507789 -0.02184192500678006 -0.06207201143138321 26.845473468299538 0.0013035122400590475 10.578821100862285 -0.4161217884587105 0.00512588564501916 0.026416980717032145 2.0007189639315777 -0.0008864962521458241 6.407068491170124e-05 -0.10922434897164843 0.9940167260217817 0.0018730146958303132 -0.00021160005875038725 1.271101314224754e-05 -0.0003186866577619256 -8.324882311882343e-05 0.0005679159902011642 0.0018742727600423524 0.00020013576065262384 1.2942325363201656e-05 -0.00031864901669495494 -8.425752658405703e-05 0.0005677672113409904 0.019922582771882705 0.026919295737161685
40 -0.23930615840225544 -0.1801249858469211 5.9165842032934 -0.05850201408437465 0.19633597948238105 -0.39992992996241694 -0.40685948526840465 0.8316825176330035 0.928800416581506 -2.211704019691084 -0.5524321121762372 -0.048640028178171535 26.831173319209462 0.0010214405917416023 2.4544962605218608 -0.4573995501310777 -0.020212639035075745 0.03465663085296829 1.999378000757309 -0.008810069328693538 0.007890419706350389 0.6554473101435543 0.7551482950923353 0.001395273288564949 0.0003717129049110548 -3.9624802561165425e-05 -0.001258776782099406 0.00033676226587020763 0.00027266300964576626 0.0005650936875595245 -0.001329014146018461 -3.0309774025438752e-05 -0.0012651750776867304 0.0003359530753962238 0.00027358460024007195 0.019577019829560654 0.04012505105166957
41 -0.01657280220131959 -0.17009273381482592 5.4371612389748565 -0.0035083982025493773 1.2193023372736604 -0.40018704989912635 0.8055796658958867 -0.08639372951788882 0.041136235602935535 -1.8384277482717832 -0.03765398949366272 -0.04401263850253804 26.84287694991422 0.0009242654085532989 10.48984214162389 -0.4479500970374718 0.01661050862641133 0.015464572081529307 2.0012300217029626 -0.000858214482140998 0.0003953242018590848 -0.35018960825778506 0.9366783575245758 -9.752166683633735e-05 0.000292604511996832 3.944478472724218e-05 0.0002298612460969623 -7.473952300375564e-05 0.0003934963173638148 -0.0002655659889400672 0.00015678686558482657 3.970329059397865e-05 0.0002298063503458905 -7.548098079928007e-05 0.0003933547592209204 0.019997032111810545 0.022728285018510742
42 0.13910164007559905 -0.1782876526863242 5.373154015455732 -0.0061339969163556815 1.3007008401689328 -0.39357151863645184 -0.9141127187558739 0.06289571520317257 0.2519388098159094 2.625224500462137 0.3257576016467807 -0.047922053821161575 26.83857273922156 0.001006363130244393 10.993845339020817 -0.438061521606695 0.002842504590981322 0.030016663648796633 2.0001150008190107 -0.0011263996042847409 -0.0003749673295571905 -0.3546084907681499 0.9350141222989994 -0.0014164034681570935 6.435472218115612e-05 -6.552782890124954e-06 0.0003971385538572639 -0.00014766923962837412 0.0013261791886458954 -0.0011028707678217373 -0.0008910760755121899 -6.538422756816617e-06 0.00039912790383479487 -0.00015010977707009796 0.0013259036699717441 0.019265041875786315 0.03015117168773234
43 0.2344805891279355 -0.16359286355843364 5.0775852319781976 0.016087847873301125 1.6174434638795363 -0.3989510246400666 0.7253546749855553 -0.31199761539743 1.0259679814122011 -2.6782571404996554 0.5499982318572496 -0.041227042620244916 26.84582261591398 0.0008657678950251433 12.715542920629254 -0.45908153472525604 -0.009997590870727525 -0.03673939249615031 1.9961875055076979 0.0019233873552463479 -0.0025710110080268286 0.8097352495221168 0.5867866018961523 -0.0015326765059665605 0.00047046154149200654 0.00021257703103958245 -8.845523974412716e-05 0.0002266661302674888 0.001147567457381532 0.0009255781473585388 0.0013096091446362995 0.00020940226719837033 -8.141819692127998e-05 0.00022447794912633606 0.0011479759292928992 0.014850009235617448 0.038265779731484297
44 -0.13019410945793772 -0.19116477133105977 5.55396102233739 0.006533590387116897 1.056394293427024 -0.3959045331818526 -0.34984894491117186 0.6932962459289108 -0.5238029736518468 0.3387789261599843 -0.29460578829277584 -0.055352453699636636 26.839814248810853 0.0011624015276923694 9.391373671816424 -0.4395879928321189 0.030029533446452414 -0.007527684725605305 2.004097081418265 0.0002740298395598729 0.001936152915461253 -0.5741330049496453 0.8187597137420879 -0.00018029465919029564 -0.0001813664004592998 -9.890584317352225e-06 8.168635567093697e-06 -4.533973556765508e-05 0.0006862998253753671 0.0001091138988559443 -0.00023128660543424257 -9.920797821060332e-06 5.776779676955705e-06 -4.655749594672167e-05 0.0006862141214870006 0.019997199601266943 0.03122859254733723
45 0.05282608446975449 -0.10217021700879617 5.695535330808678 -0.016633479329847323 0.8349998111593478 -0.4206278161087601 -0.13865222338540426 0.7118894181455997 0.5533254613485113 0.25445384061504805 0.13460582037500834 -0.01573027520706958 26.86680731624946 0.00033033577934846116 7.756453588196247 -0.5044896301066292 -0.014099310129653382 0.005704708741893605 1.979422687658256 -0.0025323367496382972 0.003116923639895018 0.33843060523389606 0.9409827827854388 -0.00014120679216594761 0.00024331587306489064 0.0012479595596823617 -0.0014671300678096094 0.0001627442317195802 -0.00038732892181633284 3.6650382426827385e-05 0.0002742005311566888 0.001249005945951851 -0.0014641941209815085 0.00016377242101698808 -0.0003868841596186851 0.017731665616181315 0.02558827917566317
46 -0.11230863800556841 -0.18819140555975758 5.449539129337656 -0.001860122127893284 1.2011241918367335 -0.38958936289699 -0.8669463476557563 -0.2762041858448552 -0.8663585970679943 -1.0281936993829346 -0.256907448562933 -0.05369388647906064 26.84068477493735 0.0011275716160602735 10.37754925962059 -0.4251619107414708 0.028494317561894307 0.003662938934204739 2.0028362726471514 -0.0007085022925924074 0.0006612666287691986 -0.43876296883532634 0.898602313556869 0.0007571760025355922 -2.4950471352584923e-05 4.6999702161217155e-06 7.547208378951549e-05 -0.0001107536987774357 0.0008019484423280337 0.00048531495456778716 0.0005817154521187724 6.05327974297396e-06 7.501761775768968e-05 -0.00011224000192179368 0.0008017416425348407 0.019988545068772786 0.028868455058814114
47 -0.13286217715543455 -0.21085293570153105 5.511475717029968 0.0006349543280550788 1.1203088070328235 -0.39618789591301073 -0.4016910574989864 0.7903689161946995 0.17410947926026396 -1.3040988336711175 -0.31226339600413555 -0.0675239567535585 26.85159512894131 0.0014180030918247287 9.829552171954992 -0.43956055872404987 0.030856813873134537 0.009294666800887273 2.0049310457431293 -0.00043244409914231354 0.001406977955946963 -0.355061753750727 0.9348416895007361 0.00156563865288136 9.600592327512966e-06 -4.733451055067931e-05 -0.0005894059014631189 0.00013962849744616687 0.0010693209226058213 0.0011646125166346088 0.0010466175868737283 -4.2736771086358574e-05 -0.0005918904842157542 0.00013769529887688428 0.0010695686907989546 0.018766415709082843 0.032601365085861325
48 0.17317748596410576 -0.1331227233350605 5.664457584155193 -0.01744460486211735 0.9059787022444634 -0.4052032066396102 0.9831847864982193 -0.7638648533938411 -0.7553549499286158 0.4147754005908322 0.4166680199522713 -0.026622522833240094 26.911166220412152 0.000559072979498042 8.253075643576656 -0.46801051422265194 -0.02793070309707888 -0.0061630370807080476 1.9777822399983873 -0.002292157898781916 0.0030648189341254692 0.4240641307884594 0.9056240753622313 -0.0008979261462206769 -0.0004751506561780246 0.0012337740777669467 0.0007943403528417261 0.0005786006317144668 -0.0006876970975748379 -0.0009491574307126139 0.0003835287477049776 0.0012272912680002595 0.0007994947742962748 0.000579667451716623 -0.0006867787608779568 0.019255726023362854 0.03621789697158871
49 -0.02454426750733549 -0.1890101155704951 5.4964248177627875 -0.005936569443948468 1.1405736769507873 -0.402014368100336 0.7849631112505385 -0.7002093424266266 0.3773182457717491 2.5684547005841436 -0.05045694181425808 -0.05403263181460327 26.84137594630177 0.0011346852681066687 9.964664837992787 -0.4501147440801563 -0.005528358376548012 0.02468050549234911 2.001849273876953 -0.0010679363687046963 0.0006943416428185947 0.18482859201166588 0.9827699471272922 -0.0008270339014282006 2.934175146709272e-06 -3.9497620146616315e-05 6.606905364613914e-07 -2.6969317753180412e-05 0.00038255585967341945 -0.0007693920440994033 0.0003032591613832529 -4.029279099611653e-05 -1.2426655482001665e-08 -2.767409410504475e-05 0.00038250492977117567 0.019998147087535837 0.025359611818192414
50 0.010645843053109312 -0.20056336261222515 5.472039466009259 -0.0043130770397560225 1.1747112968632165 -0.40206974491264463 0.6202425874631597 -0.2692688978511273 -0.7768071377388696 -0.4184273261367566 0.020602062449309844 -0.0609499998200848 26.844316968270263 0.001279949996221781 10.191208991418742 -0.44923877238261833 0.0012810449606435875 0.02669510310228436 2.00280011427094 -0.0008748088357266791 0.0005914411634298522 -0.05892051877329297 0.9982621185712384 0.0006511532920952139 5.1712405218812615e-05 -5.121213769873583e-05 0.0001157994525009634 -2.1570286093575017e-05 0.0005074515895208622 0.0006406035998110777 0.00012804484248323387 -5.0289282458158546e-05 0.00011525255251962477 -2.249192117830605e-05 0.0005074112802564873 0.019993277337689144 0.026872109068011463
51 0.030780918231719787 -0.20699189355165504 5.349418730146493 -0.006361703384866737 1.329621511119957 -0.40061000798378843 0.4154076880810572 -0.1428570166323839 -0.9961236190103046 -1.8477237801091624 0.06331913218618934 -0.06462871863911343 26.852257162950668 0.0013572030914213822 11.17491398692638 -0.4453248078140918 0.019740142703419453 0.01916845690188569 2.0008815998514162 -0.001288784019047208 -0.0003203675213531259 -0.46599368499291344 0.8847870489259712 0.0010233123663541894 -0.00020707982674667862 4.238209280531423e-06 -0.0002341883403234199 -8.500092459258978e-05 0.0005639403879320741 0.0007496548530802764 0.0007266820955333186 4.353100187745454e-06 -0.00023319126862448078 -8.611849894903696e-05 0.0005637699249777035 0.01999635838717289 0.02752962390314896
52 -0.052873763678961704 -0.05942688373984969 5.590313786957137 -0.006655636179694351 1.0124540583491355 -0.3922718640646195 0.5038987523742858 0.016504535885048983 -0.08319470843598314 -2.092885103491459 -0.11053796746628397 -0.005466479664150444 26.878530147230826 0.00011479607294715933 9.080345222285011 -0.4445199026017467 0.006630046562354511 0.00850811695942507 1.9890113540998513 -0.0011465546931521723 0.0020925760619016237 0.0829160080043722 0.996553682525121 -0.0014659621992458972 0.0006448628166891497 0.0008337978699341648 -0.00023227386863733718 -0.00012413062633922521 0.0008165259296347266 -0.0013428610098622394 0.0008766508049535089 0.0008296503988060352 -0.00023583462736257357 -0.00012571297597795684 0.0008162760408276658 0.01966399824484387 0.015397919026059987
53 -0.021404806333154214 -0.1941126935253283 5.645303290809416 -0.017548006367955785 0.9212678637190878 -0.402286874814094 -0.6804319596957071 -0.8170402871674528 -0.8179690370964241 0.3876086721721004 -0.04462095095461305 -0.056851953257689804 26.864919073200067 0.001193891018411486 8.38129822207781 -0.45133106858912 -0.020238368676589055 0.01615452484753238 2.002628972090382 -0.0023681431482643076 0.002684496846063526 0.48643714289924667 0.8737082415673614 -0.00038884725678332393 -9.297925076431887e-05 -4.133671976096952e-05 0.0011243546416656125 -2.4210250596041192e-05 0.0008441986783290925 -0.00028356553296261415 0.00028161492732220526 -4.289144210847785e-05 0.0011184496073102317 -2.5498853192712012e-05 0.0008441400854014861 0.019999120878424304 0.026028287188962124
54 -0.2502539953913978 -0.20438470865310449 5.837424953698892 -0.043609368145849314 0.5108705755095821 -0.40019261339846457 -0.07780970270056946 -0.8707005431153739 -1.0314103422931462 -0.19056488177178688 -0.5708836813833663 -0.06331017590103345 26.867680620675827 0.0013295136939217025 5.114297693820057 -0.45774665529011777 -0.01921876444579334 0.03813421705450057 1.9998573359260807 -0.005889052434270253 0.0062999397408422435 0.6247673535299307 0.7807633340416895 -4.7598701330992325e-05 0.0006046622310294422 4.733447340884578e-05 0.0016801351153675332 0.00021551839221745496 0.0007755486948732134 0.0005786080087357287 0.00017895726238978255 5.752975612343248e-05 0.0016667987029822529 0.0002144914395805608 0.000775718710587085 0.019955293200973723 0.04270362713190344
55 0.02508343056047191 -0.18308756099828322 5.551889990051807 -0.009458192778684723 1.0636938086306322 -0.4021653368414345 -0.3850783165922595 -0.42345965493145615 -0.8689756660428517 2.131642301333052 0.06119069959296275 -0.050720231550832294 26.84320271430311 0.0010651248625674781 9.424227154773593 -0.4515471147139367 -0.019149102146215922 0.015278889769681593 2.0021905187449387 -0.0015238561846634938 0.0012019600143426965 0.37244949374541053 0.9280504338468033 -0.00021394908824082047 8.645845045962826e-05 -5.747826230665268e-05 0.00019405668081055532 0.0001218778008559195 0.0005673098504414172 -9.462880579941369e-05 0.00021048697244085263 -5.7390331924561564e-05 0.00019214707162956162 0.0001207809110068076 0.0005675411788394563 0.019996590296758064 0.02459534423365975
56 -0.03539510814788102 -0.18173188326613862 5.452160509870583 -0.004453390726960345 1.1997493636468821 -0.3979218785309796 0.7086967604972315 -0.2700591434387383 -0.2519156175527924 2.645653609956203 -0.06906461748936199 -0.04997402136276903 26.843508375745948 0.0010494544486181498 10.361543071752289 -0.44192288531160767 0.0030427113195029554 0.024613157340792467 2.000917499358454 -0.0008693837211459897 0.0002604966752000104 0.05950568141477945 0.9982275543145412 -0.001763520157193442 2.369570378706837e-05 -3.8693185652943584e-05 3.384359396601611e-05 -6.962423012410288e-05 0.0005500607583065778 -0.0017481917531955119 0.0002331015551722436 -3.938594745595484e-05 3.350061102829409e-05 -7.056180846446358e-05 0.0005499411648513959 0.019993033478433526 0.02481748197398763
57 -0.16273871567304182 -0.15665205337238802 5.610286174217942 -0.011238098225776781 0.9576482813254601 -0.38990656992928296 -0.10168731704274835 -0.6054354663268144 0.28025298231666157 -2.454786775815145 -0.36990873918893674 -0.03662182850668944 26.794103695127895 0.0007690583986404784 8.699491551156976 -0.4280684573308547 -0.0194373446203812 0.023700511527831293 1.9980519355269715 -0.0027380807169284952 0.0005170974216125096 0.6727463869396195 0.7398679168499821 0.0010763143475431896 -0.00026997017166031456 -5.509700413327115e-05 -0.0009936296731343983 0.0007821252059028025 -0.0008688484344164392 -0.0001664453754762531 -0.0010968707852630232 -5.951945561857092e-05 -0.0009897639619199784 0.0007850365573655375 -0.0008662101936440544 0.01851239696562919 0.03071350790390772
58 -0.0151658552374693 -0.19454057482533976 5.457434430513981 -0.004846696298471243 1.1936688471404822 -0.3994061934237528 -0.8215269065106103 0.9159025163124392 -0.7416283958049388 0.763214665031458 -0.038177659597555036 -0.05720193557226215 26.844725191465045 0.0012012406470175052 10.319059544815698 -0.44367163510420904 -0.0025317218296442567 0.02597743063270152 2.000887679806406 -0.0009382544849237116 0.00027596668513594537 0.08065573658372892 0.996741539054657 0.0005114495805779814 -7.38278831177079e-05 -1.5936637371772627e-05 8.127092413353222e-05 -8.716343245591495e-06 0.0005012869442245532 0.000492935926738207 -0.00015507222103172002 -1.5874022955407358e-05 8.091927829495375e-05 -9.631617442183736e-06 0.0005012700703016459 0.019997347064173953 0.026115598655558663
59 0.15278034475182983 -0.19939704549849294 3.308829027239841 -0.01986395765506045 2.909678871730209 -0.3960151230760417 -0.17001509052004862 0.5869399515546483 -0.7517914959922438 -1.0038159778049565 0.3293887251457942 -0.059728164168253335 26.770180198155092 0.0012542914475333201 16.05904038635245 -0.43944236412197957 0.03199816404571283 -0.0063866612280496365 2.0297959148196774 -0.006817037174920478 -0.0015708174659781785 -0.9366048025225758 0.35031771926108907 0.0018042987715723396 -5.4587229904613153e-05 6.503806047925782e-07 5.5236234419393135e-05 0.0007849871867378435 0.00022978881896377256 -0.0013254459419385542 0.001225240510025479 2.1283640482000202e-05 5.842347654954476e-05 0.0007845644827586297 0.00023120596563377632 0.019812932770783345 0.04418674556787013
60 0.025372908106324067 -0.15856427195935752 5.643138268858489 -0.008933773098325194 0.9372580669619778 -0.40540283756680817 -0.7433187987985389 0.8471493241570637 0.42484873265632644 -2.478875778658025 0.07088636442411989 -0.038316503110612125 26.913037629751745 0.0008046465653228547 8.527224331894171 -0.460053014981434 -0.009123705762470541 0.018713356843215144 1.9785658414932696 -0.0012694656030198632 0.002881634275441446 0.16063008660308076 0.9870096554334573 -0.0012994927695751143 0.00030275259968236485 0.0013502020021044568 0.0002308698426620918 -0.0003153830222259478 -0.00040041562024862134 -0.0011446465753785187 0.000697056412960296 0.0013443521175289116 0.00023331086855733857 -0.00031474989357614257 -0.0004009060557460394 0.01839321540959437 0.029880677403186274
61 -0.07251095269374967 -0.18360507436217058 5.557232926985897 -0.0099091107875881 1.0439591973282174 -0.3930435257754672 -0.8093972229055538 0.9708938100476926 0.5239404528808509 0.0397994498312757 -0.16601314732263872 -0.050892123453941195 26.793255591811327 0.001068734592532765 9.2967146263661 -0.42816553238578303 -0.015227239567269492 0.0216092947637319 2.0005362636054422 -0.0021144528104691555 0.0004899680586309596 0.46795679281976155 0.883748679814831 0.0006242585999805498 0.00017292092480545402 -7.821336447121955e-05 -0.0010628458404190824 0.0012284634483861192 -0.0008424255557561196 0.0004941007553177614 -0.00041889118061667755 -7.81818307737873e-05 -0.001060449171420637 0.001231218924513341 -0.0008383898120263904 0.017646803318563102 0.026440840071362905
62 -0.011223021930352673 -0.11014818552666139 5.491843195657865 -0.005240656055330334 1.148587864642853 -0.3935675574492782 -0.6101711764380379 -0.11956558058861479 -0.25231494008686695 0.35463676623676577 -0.01613975530308709 -0.018630945934238672 26.847176421313392 0.0003912498646190121 10.018993791126963 -0.43959103783448383 0.0007299616611301102 0.014298200023491817 1.9989742774261838 -0.0009857027600756556 0.0007371185562693348 0.058395001554866884 0.9982927971490678 -0.0013692108825284265 0.0006662711405053329 0.00013413789005899853 7.780735542465414e-05 -4.206868745122248e-05 0.00029792622556589344 -0.0012824043005832603 0.0008211126011286897 0.00013364861827668003 7.733459401820825e-05 -4.262929576486037e-05 0.00029784615153305725 0.019996929553443784 0.014353517852322379
63 -0.3044559493039064 -0.16762251021798016 5.932222853123103 0.06131151521378832 0.11655467468128139 -0.39784013788163824 0.8872869446996364 0.6516197800829492 -0.1581169119662465 -2.8058272202776 -0.6824383434629006 -0.0434120453801939 26.850668058709534 0.000911652952984072 1.7480360953820666 -0.46057204413280384 0.03175257835048689 -0.03450543690652472 1.997975133286576 0.00782189080096456 0.010091826818359583 -0.6214761753669013 0.7833290091060682 -0.0011336201057382 0.00010590665134360339 9.789800814447852e-05 0.001029811843176587 0.0011338540855165343 0.00026111212729080336 -0.00036330493171463123 -0.0010798614201291978 8.833811657341735e-05 0.0010231449510574818 0.0011337784638076503 0.0002613552712617481 0.017080497334645804 0.04693561007615752
64 0.00014767527761306974 -0.19864303536493377 5.496837822896329 -0.0025601306319139403 1.1405951175440427 -0.40197655737223414 0.5536028205498252 -0.5720576299741175 0.04298775911098809 -3.034746094755696 -0.0013791544666454936 -0.05987493807626643 26.841990967122364 0.0012573736996015952 9.961486814919247 -0.4495231859757973 0.00922990499864202 0.024664341791993755 2.0049890846264993 -0.000693526069995172 0.0010253140027303455 -0.1824507903848417 0.9832142069969965 0.000374418756118924 0.00010957123905418203 -9.451466732574638e-05 -5.2211847031549296e-05 -3.627704841429668e-05 0.0006327775950959893 0.00031034535778921396 0.00023677260069746128 -9.355628337451638e-05 -5.3327521146799495e-05 -3.737670291905729e-05 0.0006327126096793757 0.01999432244539302 0.026803206295639672
65 -0.1694697609959353 -0.18618533755305314 5.661380784100084 0.015634697169058458 0.8887914058080976 -0.40175948536813066 -0.2945269567162442 0.026066536420677685 -0.7689931226306287 0.9137735151606021 -0.4028448521532828 -0.0528847532816627 26.860359592245217 0.0011105798189149168 8.167881160687198 -0.4558278269339898 0.029580752015020213 -0.013149352324190011 1.9983943298933868 0.0013741927934512424 0.0035042062008922873 -0.5794575074945288 0.8149937601854975 0.001909442622409694 4.363274140460775e-05 0.00032675964462103817 -0.00015531792624771178 -7.335154851837931e-05 0.00041683301070323477 0.0005835269461691021 0.0018172394641780035 0.0003343409078751248 -0.00015836263505447095 -7.411054651028692e-05 0.0004166876109583722 0.01923788818751946 0.03241148766735453
66 -0.12882638142214273 -0.1826623320742787 5.755552763076864 -0.02864463966509952 0.7051971336135103 -0.40151637477400637 0.9069597027297956 0.4005613407648279 0.23975613510104263 2.7180445453430755 -0.2953768996018925 -0.050211489575243344 26.85084080636612 0.0010544412810801103 6.731890922326636 -0.45295514395189695 -0.01659080559317507 0.02478541972899781 1.999001801721427 -0.004012667093674478 0.004240814552064688 0.5650266845055969 0.8250519739939679 0.00013185971660128126 3.001726054349809e-05 0.00014259809382319302 -2.242601798138625e-07 -0.00010039278091189863 0.0004257002181897446 7.400235379440712e-05 -0.00011235510295903883 0.000143255783920461 -5.133568256272207e-06 -0.00010117120634707068 0.0004254875696498189 0.0199971765919332 0.029842390339523225
67 0.0036321056627213965 -0.17875418360965808 5.5645891860346115 0.007028492415128287 1.0383843927884813 -0.40050032499840305 0.8417811911742336 0.09355563467007952 0.18080901562285426 -2.1069395517680514 0.019182758510287834 -0.048527848255659894 26.811664006687064 0.001019084813368858 9.24881960348986 -0.4484830252865054 0.023572917227758335 0.007155982318538284 2.003182262954945 0.0007646854449914096 0.0014477942926088756 -0.5985404273365021 0.8010909286664616 -0.0012639638483627337 4.303358986926586e-05 -8.490509442105783e-05 0.0006048749750025897 0.0012029079128771407 0.0006440690175986964 -0.0003993200094600614 -0.001199863940286938 -8.680685299869107e-05 0.0006027913988139733 0.0012025805953033812 0.0006446765986159418 0.018474720362053117 0.024839833072796497
68 -0.02783064813100028 -0.0417852959933905 5.497373548974822 -0.0034876086990408167 1.1424039923561558 -0.39638492128022657 -0.628784112956659 -0.3157477144616624 0.79202938506312 -0.869830167538026 -0.07230215584893351 -0.0027472582669936956 26.855377082313264 5.769242360686761e-05 9.980822074752046 -0.45548175182793293 0.004241717462395142 0.003946470851181508 1.99744694025743 -0.0008081506293045826 0.0009817428867085272 -0.13189923170331314 0.9912623142990661 0.0011282994218620567 0.0006687972248068755 0.00030532473918773575 4.584058904623215e-05 -7.48983390658281e-05 0.00044324132172686697 0.0009136219351112018 0.0009399985639823416 0.0003086586610456409 4.507238953472578e-05 -7.572315271345003e-05 0.0004431004902882029 0.019999213090968512 0.006331264744041661
69 -0.03144838924151381 -0.1805880950796571 5.514241894011985 -0.006829534796177369 1.116412131496572 -0.4001926801197682 0.9955589967244114 0.7758955995602694 0.5262248769712663 1.8164493365681063 -0.07103011536054715 -0.049490179872066796 26.84439064416438 0.0010392937773134028 9.801037588959828 -0.4469994479922343 -0.007967689834241273 0.022931959944984606 2.0008241712885595 -0.0011774275633142438 0.0008602053110001363 0.25148920849776585 0.9678590040498272 -0.0001246302866708791 0.00021061860588489055 2.7447990333392485e-05 -3.4408036855764854e-06 -3.1390348551733946e-05 0.00042421105870915236 -6.3958443553184606e-06 0.0002445972193822379 2.7885320858155605e-05 -4.398390394656134e-06 -3.21736020436476e-05 0.0004241512921972192 0.019998049717807703 0.024290700412419892
70 0.15020822258120464 -0.13469942682520622 5.701371419088671 -0.01814055774741625 0.8367171627662251 -0.40494995541350043 0.12249726560019428 0.6743575481597813 0.8398250934456664 -2.019362584275103 0.3648479549617296 -0.027780221274917718 26.904622203128582 0.0005833846467732721 7.738185977300292 -0.4698717458111069 -0.026360999557367898 -0.0008725818648817676 1.980531654194564 -0.002415361218988395 0.0035712510043564125 0.36252417106299606 0.9319643971695127 -0.000938705303193266 0.000674660082649615 0.0011371335323807964 0.00036102681015238417 0.00010424458604790408 0.0011066875023965144 -0.00024563661472319865 0.0011294618594848895 0.001137270902338153 0.00035172199054573435 0.00010212759906950508 0.0011068457595895284 0.01999549165989054 0.032782315128351024
71 -0.00384072106593646 -0.1297698302140037 5.513402219523081 -0.006626682941302662 1.119115086027408 -0.3970017969680816 -0.6378541566260814 -0.3196301392456153 0.2893801216943107 2.5221447711262224 -0.004707967424903314 -0.025844890843301504 26.84782925192586 0.0005427427077093316 9.816576391782538 -0.4450422154788112 -0.005971505688247447 0.015639614784138195 1.9996585175781318 -0.0011479702652551023 0.0008903792784462018 0.20025359728745937 0.9797430204714105 -0.0004898582743441984 0.0006911859972602016 9.61941280639002e-05 9.819234054986866e-05 -5.246571986019822e-06 0.00025139493708070063 -0.00017956553295793735 0.0008277854136073733 9.7365550470539e-05 9.763815144287417e-05 -5.722410064602129e-06 0.0002513839450022617 0.019997614425952465 0.0167443435531361
72 -0.09930294890715533 -0.18760560632890336 5.624119522971358 -0.014172369598562122 0.9481185043643126 -0.3988529307780604 -0.6433315951360505 0.7925509014100653 -0.5210949256520369 -0.3166745367737742 -0.21942100704938505 -0.05313639613970589 26.83561895538955 0.0011158643189338236 8.60249109449741 -0.4445865240373466 -0.008338532576443403 0.026829779209529694 1.9992310371076085 -0.0020828103396710934 0.0022712037975544585 0.3945887658126085 0.9188526592598409 -0.00098761498035882 2.1296918348287312e-05 0.0001948336535554884 2.4178017704034234e-06 0.000134553537886197 0.00037228336137675307 -0.0006657513518036035 0.000730434704092252 0.00019245088034977904 2.5203943606162693e-07 0.00013379558490051962 0.0003725501397802789 0.019999128302807086 0.028106217851044894
73 -0.32137991748422035 -0.07322735250037883 4.459663495549767 -0.013279722901061483 2.0917886198045297 -0.10886219863128346 -0.9630875837369527 -0.567183193099716 0.6937456719534499 -0.3634465495874122 -0.18670769076919763 -0.008377961863319836 26.895265367196 0.00017593719912971655 14.26384538330798 -0.049473168777703184 0.0436747651624272 0.00791231579859004 1.9810463868731063 -0.002641099116383371 -0.005044813895635088 -0.00897285204362095 0.9999435295927561 -0.0006308538151292562 0.0013494399224217076 -0.0008258141236412253 -0.0005144470327715382 0.000245308239740583 0.00028116970000611124 -0.0006632702715286261 0.0013421536212024862 -0.0008121759729845269 -0.0005115969689262095 0.00024384527865374084 0.0002824250164211856 0.007049756011142889 0.04826312571574431
74 0.00010280382120906354 -0.1873937075365229 5.489526763908087 -0.005678125417834525 1.150647233891788 -0.4008112400922951 0.9718429073912779 -0.21533490724231183 0.2535325611923421 3.001528464240436 0.0045767522461223065 -0.05314129521940416 26.842267400362807 0.0011159671996074875 10.030575416108492 -0.44756295783965927 -0.007908726226880783 0.023554550306169382 2.001772355331305 -0.0010400782514728673 0.0006090857647180287 0.1678979461863863 0.9858036452144795 -0.0005393949067609962 3.988471384780428e-05 -4.041922796769792e-05 -1.5064530270486793e-06 -2.2483840590829014e-05 0.00048510183980211163 -0.0004957181292495432 0.0002162665076053214 -4.07885259535126e-05 -2.258424882499197e-06 -2.337934750576459e-05 0.0004850589229316792 0.01999325983792134 0.024909958532242118
75 0.05297198446250621 -0.18096544866029365 3.647745452103633 0.029179754006533557 2.621645640611085 -0.39915979806815516 -0.25529529666783335 0.3658775123053499 0.7004989546702015 1.4213617355462524 0.10883130079398562 -0.049914388376298274 26.824969444524896 0.0010482021559022638 14.957491017253517 -0.4451038238119739 -0.018847299912424488 -0.017672195293281456 2.0125332977467356 0.00479105401963818 -0.0038991136966537014 0.8559870230487806 0.5169604037891566 0.0012890820001195832 8.137606452680743e-06 3.42659677814959e-05 -0.0006178667881963036 0.0012282144417670201 0.000438440679226008 -0.0005923926382834249 -0.0011447619485890285 3.9545206907275745e-05 -0.0006125031088378907 0.0012274577970127942 0.0004405218855646953 0.01959582329714063 0.028716036510651737
76 0.02022567502054118 -0.19020971493457012 5.438345160854781 -0.0043354943123629025 1.219116393968657 -0.39848153735363195 -0.36971732844285216 -0.19194119471457202 -0.8686285502385529 3.0925326827780726 0.051180487097729155 -0.05475524167109061 26.844667556962385 0.001149860075092903 10.482864794628416 -0.4418005740810255 0.005091209444063549 0.02505481661295632 2.0008996913413104 -0.0009012735603467966 0.00022259162970414021 -0.1435099519483009 0.989648438512754 -0.0006816982479542842 3.305139881267921e-05 -5.100623665299023e-06 2.924707207230247e-06 -1.7435152828213543e-05 0.0003543325787452331 -0.000663006180291507 -0.00016193591979474993 -5.520449681371044e-06 2.8602571347294848e-06 -1.808985035976212e-05 0.0003542997517280241 0.019998604387922097 0.025582683471868678
77 -0.13818226725288235 -0.18801777485605564 5.521467227506356 6.945739891507186e-05 1.1067258693000104 -0.39848378528731 0.35384686777758523 0.706509173847269 1.0323483471594759 -0.978027801732873 -0.313309074351117 -0.05352553100704884 26.852575100799406 0.0011240361511480257 9.733036357681398 -0.4466133979371002 0.027647489659149614 0.015115949671824284 2.0050153297347237 -0.0004096585358405288 0.0014559185536525932 -0.21496033161220202 0.9766216095879823 -0.0005328331457914122 -0.00014635246314228061 -6.740232588834367e-05 -0.0013086903644058845 0.00017674769922421346 0.0008222350079778745 -0.0004219596776102835 -0.00035645091534709436 -6.903661112907868e-05 -0.0013108837933538703 0.00017557493653944326 0.000822483305638509 0.01999111476036228 0.031906569092929965
78 -0.05946884740102458 -0.18526692226550945 5.48091715128074 0.00031826640410616703 1.1612796985836082 -0.4011506840715815 -0.640096050420564 -0.9216528289936115 -0.1511516661426868 -2.0902557748963204 -0.13330934011608753 -0.051897266033695995 26.842361783784284 0.001089842586707616 10.106198110894123 -0.44916660106208195 0.025472080113576778 0.006740799766214375 2.003968235691842 -0.0004732644557634715 0.0010307530049015576 -0.47926299170402087 0.8776706092560633 -0.0005654426046479597 -0.00010683225368429251 -4.323182235007871e-05 -7.56699293505509e-05 -2.3748113313641368e-05 0.00042447557175670454 -0.00021575147748773119 -0.0005333657290167625 -4.44944840887188e-05 -7.624538534705907e-05 -2.4520086496632518e-05 0.00042443128785792 0.019995616376716156 0.026646053015534556
79 -0.3317987915505614 -0.1723578270942196 5.939418928400996 0.07144549913208094 0.042562893809347586 -0.3986345508604237 0.4270875485337854 -0.781498548624713 0.12948814304907907 -1.4408850161029712 -0.7508840571577214 -0.04578303023596065 26.834938207416368 0.0009614436349551737 1.0716786041593984 -0.4650664950476953 0.016148080365265858 -0.04727370362975397 1.997951616660663 0.010284564718309765 0.009983523074685759 -0.759937400141917 0.6498382143742518 -0.0004724890597881377 4.031621857823231e-05 9.223655495942739e-06 -3.8785465692779954e-06 9.625305430689805e-05 0.00017208629846927672 3.325976817777619e-05 -0.00047303618642660395 9.324112417261897e-06 -8.801350537585249e-06 9.594192007318418e-05 0.00017218960060939802 0.01967137415123918 0.049997594228740366
80 -0.2582624209760436 -0.17793011271412176 5.922932588496767 -0.06426463184475104 0.17960744361400222 -0.40267569259439573 -1.0177646809616296 0.979100573674418 0.9214615107433258 -2.866965287055613 -0.5807896795711518 -0.047814541455514295 26.84867319808909 0.0010041053705658002 2.264281193060513 -0.46456852914943436 -0.016261287679481824 0.03762713033782445 1.9931336241096096 -0.00867028715446584 0.009517930302581933 0.6425066299574467 0.7661719556236309 -0.0016607084032344364 0.00047536440637631317 0.0003543420428149468 0.000685834300131311 -0.0004321643539664799 -0.00023619022280604827 0.0001695438838013718 0.0017177539498157354 0.00036063588574521057 0.0006919105714925877 -0.0004319148864512264 -0.0002365680874010778 0.019778759806230024 0.0415617315847479
81 0.04633521908803739 -0.19767129244761034 5.4515636918411445 -0.00027843902145582226 1.2034326327389828 -0.39900455060950013 -0.3161386793883865 0.6974379365095951 -0.6456297524056474 -3.0455873801087154 0.10457896973620984 -0.059171928399797555 26.848989210662737 0.0012426104963957486 10.37768412139415 -0.4425681104093391 0.022961866160703403 0.013976960229733687 2.0024973707041585 -0.0006135512347666335 0.0007731700142728216 -0.5883903166148233 0.8085764410845269 0.00031539642020523504 2.7739491569894917e-05 2.0122152153577818e-05 -5.158219512295143e-05 -5.419891981401366e-05 0.00039967551128837584 7.06083078065374e-05 0.0003085989843741691 2.074646933947574e-05 -5.179335125199834e-05 -5.4959027635265746e-05 0.00039957164304678307 0.01999951258689128 0.02699702900838539
82 -0.0958990481852305 0.10509464420969802 5.622159532401059 0.003208501582304131 0.9696783264255467 -0.38771798539727786 0.2658167675455137 -0.8089504335254265 0.8752392035869107 -1.080166697855169 -0.22723131069446612 0.01617380011761499 26.916241954603823 -0.0003396498024699148 8.782849865195935 -0.45684463420420895 0.0036212817667800948 -0.019110361097301687 1.980711801030921 0.00010970302770479118 0.002623755773225024 -0.25591180925568446 0.9666965655025213 0.0006563315779410248 0.0009418231809577025 0.0013093753976621085 0.0008997443783235475 0.00020817472982743133 0.00015846131289479784 9.764648073039945e-05 0.001141719797413063 0.0013111853588988428 0.0008989316460974276 0.00020799540850028228 0.00015869453466391454 0.018439739892634432 0.02739259393293111
83 -0.3282726417171515 -0.12864012922552093 5.623034279162324 -0.015193220802862164 0.9425846023090793 -0.3951937914281265 0.11325410553281245 -0.820578997858862 0.11579575977032733 3.0768860825324005 -0.763665709296766 -0.025132131377007164 26.828607186301056 0.0005277747589171504 8.589959000976117 -0.46539597249098696 -0.009649360063687107 0.04565132464688162 1.9985572131377427 -0.0026621633550630327 0.001594064925039244 0.6387123016109585 0.7694393852761358 0.0013462930928199036 0.0007010944368542669 3.4710839974114066e-05 -0.0001813448825277598 -0.00022969106351708636 0.0012642522648989465 0.0009367336938682997 -0.0011942987312610195 3.77342133144591e-05 -0.00018874554428082948 -0.0002322955031382845 0.0012637546452492565 0.018252450066789473 0.04668227956712871
84 0.0010481304174662688 -0.19568682136950907 5.433028397873618 -0.004570420252548979 1.225496336227353 -0.3995144624312015 0.5021007437907792 -0.17188940341996228 -0.164958634893932 -1.2521486632553864 -0.001714033574249263 -0.05788685055937687 26.844612031227204 0.0012156238617469144 10.525672540243926 -0.4440606479143015 0.0031381968317621828 0.025902014171695686 2.0007754229257206 -0.0009138704862739356 9.869867745655915e-05 -0.07140547698161592 0.9974469474394783 0.0006294721767670032 -7.388561532810043e-05 -1.4171072268966517e-05 6.508232628719194e-05 3.799977753970855e-07 0.0006080615642472366 0.0006335788221421213 1.655989066380504e-05 -1.4098614104185843e-05 6.50419615351192e-05 -7.37115272753471e-07 0.0006080612348644394 0.019999088853690023 0.026102948075252718
85 -0.10444500081413961 0.1180917601864295 5.612925108807428 -0.0005164214945322322 0.9895739411775738 -0.38900878254489457 0.19010210359325452 0.5908054882455455 -0.6894517824925812 0.364977456433365 -0.24377731962795557 0.020653363208208594 26.938906161685004 -0.0004337206273723805 8.929431328701728 -0.4610820603788712 0.01013638992733705 -0.018912119148181628 1.9756818340548563 -0.0002492793293646711 0.002449474113481042 -0.10797750651026246 0.9941502884494927 -4.194083364682855e-05 0.0007911271497176916 0.0015455210188916988 0.0008122666017066272 0.00010954574435254195 -0.00025073899044191124 -0.00021825570793567275 0.0007620914553586331 0.0015452693875199635 0.0008134742754408394 0.0001098025986436321 -0.00025062370655793613 0.015871222920529327 0.032431278827230736
86 0.019793939093937316 -0.18964855060835312 3.643640076862944 0.03172903878476146 2.6301264370809765 -0.4012505674216946 -0.9264178127425403 0.17987309133913593 -0.22204837060647264 -1.4285590305227038 0.028954867915525262 -0.05478061055926048 26.85104561688089 0.00115039282174447 14.984830884400562 -0.44844854743676565 -0.026556533328497407 0.0010285199392935235 1.9914039231510532 0.00359069658350937 -0.005622465741449527 0.6533588273383003 0.7570189809483991 0.0018056811429287558 0.00015912761213786601 -2.2992567739323296e-05 0.0007487970404453775 0.00027022383707628447 0.000276639242689211 0.000421057348780469 -0.0017629595128840247 -3.192350253543561e-05 0.0007524499657039095 0.0002696948178191104 0.00027713093313172916 0.017055250275306487 0.027932057798989985
87 -0.028792362103214116 -0.14651684370022094 5.617962309507454 0.0071631915441119475 0.9700592231609314 -0.3979943962945559 0.3890465911960044 -0.3858728660598509 -0.433561106273624 3.1093707498889964 -0.05560972425573696 -0.032394548233834114 26.891469152720468 0.0006802855129105165 8.769489409343013 -0.44554540595918757 0.01870783272872094 0.008856016207519128 1.9969485858026637 -3.1964210204474894e-05 0.0033225748473219227 -0.43983950099476987 0.89807024938996 -0.0013804547806414759 6.826646427087682e-05 0.0005199132100393196 -0.0005729974322070683 -0.0010625705765282165 0.000533993923379594 -0.000903321658338425 -0.0010502741577199026 0.0005114290104362568 -0.0005761691921752589 -0.0010641572725073102 0.0005308153912786867 0.01943889748908094 0.020921834457746518
88 -0.10182840549263984 -0.18669505270658596 5.701550900289371 0.019445909475049337 0.8022507951713794 -0.40026844615474244 1.0219828162945614 0.46390164508951853 -0.7459965446120775 1.595843922820074 -0.22954100420274892 -0.053225541911456335 26.805934736917887 0.001117736380140583 7.511705141119798 -0.4486343006615865 0.026680334359007955 -0.009960641292471872 2.0025583226692882 0.002614403198247607 0.00306896505381096 -0.6550733967308475 0.7555544925714658 -0.00015894003238173883 6.151523530486031e-05 -9.696983222277229e-05 0.0008947656754354344 0.0017064596309330994 0.00035805229341808733 -8.263829297406083e-05 -0.00014860905053389287 -9.76497263855936e-05 0.0008918787740411527 0.0017064345105974913 0.00035816036026969965 0.012403228139091274 0.028593699154638077
89 -0.07098044092000219 -0.18594886618353773 5.669355281506464 -0.017278160886567678 0.8722291265363912 -0.40120807527094277 -0.8642717249432477 -0.3333391547900559 0.9336631336130382 0.2701708893414465 -0.16009533827056288 -0.05223369789094897 26.846138369262555 0.0010969076557099285 8.033465410193148 -0.44988701517558055 -0.01203007228966145 0.023557079870803133 2.004039909011707 -0.0023287322340295497 0.003153252767768488 0.4088126498530631 0.9126099119137824 -0.0002260861786303231 6.619664581915917e-05 -1.255998019478227e-05 4.6306004692051916e-05 -0.00024394937831668633 0.0005655287290186974 -0.00010102174268718591 0.00021279304606490083 -1.297829876092679e-05 4.197438837338658e-05 -0.00024489475335759604 0.0005651033882437718 0.019992767500604018 0.026757793559199706
90 -0.0031531815585181372 -0.1917112687632174 5.476368089764686 -0.0041789727694694825 1.1614714228351666 -0.4014500912344429 0.668854758792738 0.8285491024760901 -0.34070818936384917 1.7578975283904246 -0.006789263947681756 -0.05563494708157459 26.82159232748181 0.0011683338887130666 10.12631077107218 -0.4486308946691653 0.016139531212759836 0.019752490089505213 2.0041464306499006 -0.000975708572100544 0.0008591702582414654 -0.32622223356385116 0.9452922109844457 -5.3466095342685034e-05 0.00015720348528247343 -1.750931559735054e-05 0.0017136375401391169 -0.000628331526488847 0.00047129850521077956 -0.00013902451582570262 9.081065195562055e-05 -1.742827471844713e-05 0.0017131720205799293 -0.000629463285744798 0.00046978563556650244 0.019995553794762363 0.02584256604205716
91 -0.011625801570428286 -0.15274507377635338 5.626081996469813 -0.013238931581276928 0.9537513062633399 -0.3900624882531749 0.4819999210629094 -0.4448853751848775 -0.9022569672973105 -0.5243888118509994 -0.012237848777634897 -0.03567585741460585 26.867066392257744 0.0007491930057067228 8.643357579920178 -0.4250154249596951 -0.011435520373289543 0.01568167958148741 1.9904257671171137 -0.001888679685801608 0.002363568433822741 0.3631920717601526 0.9317093782096815 -0.0017822810450360323 0.0005128038063637895 0.0006313556824080098 4.129561038737299e-06 -0.00016006019476545887 -0.00033413222530724617 -0.0009686617861386084 0.0015826019109292328 0.0006286246897972658 6.059583860852124e-06 -0.00015945764718295434 -0.0003344146284239245 0.01971405860022645 0.021641444868587226
92 -0.11987583484461455 -0.13948067738587955 5.552479777277532 0.0035614163545414166 1.0591284786527928 -0.39781173041362256 0.7907254889567132 0.040421972766239114 -0.753497536112813 -0.3541906494487881 -0.27525678280346366 -0.029991875013269748 26.834974703223168 0.0006298293752786647 9.412172437801207 -0.44999632963982483 0.024533006079733622 0.0009541653526405625 1.9969387412319395 0.00031811656990800345 0.0014211961905885048 -0.39299063078822344 0.9195413221361561 -7.391024117456349e-05 0.0005289238997581983 0.00027187973129632893 0.0012150897497551604 0.0011933932636318248 0.0007127707541145557 -0.00043413406619368083 0.000311985289762464 0.00027080361023745406 0.0012130485661140304 0.0011930139071930214 0.0007134026075199297 0.014760681996600382 0.02474166777065471
93 0.009766676885366051 -0.1759369862171865 5.55010335396877 -0.006262815296898482 1.0725472462944834 -0.40294048815932426 0.7330389910341151 -0.8392885610037243 0.3764274587219052 0.03753794724799775 0.023584117853242548 -0.04697691062012152 26.876252673265533 0.000986515123022552 9.499277094598412 -0.45328433059891304 -0.006045036902294146 0.022583656107830703 1.9941856314474415 -0.001081075901900049 0.0014763870155783318 0.10063629638630314 0.9949215986226868 7.433651699388519e-05 0.00017902483296355177 0.00045647963842944194 1.6085678736607936e-05 -6.611804388691131e-05 0.00016984328554564616 0.00010723935223473427 0.00015966572925197255 0.0004571171021869497 1.554976039506894e-05 -6.643282229722119e-05 0.00016971956364994714 0.019998825126513606 0.024090887821162546
94 -0.3377404688643515 -0.16474816704626374 5.836359077876785 -0.044058704588795204 0.5074933357803135 -0.39042617446457123 -0.07089241234400798 -0.40464103246342176 0.487495313641457 1.677068381254899 -0.751860337591671 -0.04113132775812722 26.84918409379267 0.0008637578829206717 5.07939185660772 -0.4495768664852998 -0.030913485924810795 0.03849080249976066 1.9949687209746778 -0.007472120869310447 0.005193969476780161 0.7829541856177519 0.6220128079987034 -0.0009433869482857155 0.0005537564509132328 5.0583884106440937e-05 0.001413064944226321 0.0003382869968027204 0.0005971024835207636 0.0007516943430262901 0.000793657628154901 6.516942833077258e-05 0.0014022203165559473 0.0003375927981409527 0.0005973968234988537 0.018471887847711272 0.04962357562419
95 -0.1966956672931785 -0.18995559129674583 5.86769526508065 -0.04769885101570474 0.4065459159164915 -0.4041241705435541 -0.2775890569958804 0.7077073617407592 -0.4365858159938213 -1.9173148924133918 -0.44486678203336794 -0.05416826407546497 26.83651525415111 0.0011375335455847645 4.236007049736292 -0.46256832136397985 -0.016712125696162785 0.03204536898001578 2.0008901417704927 -0.00658980855816613 0.006941290972285864 0.6051692645658616 0.7960392918239771 -0.001001552866482146 7.604617490673052e-05 -1.145365930720965e-05 0.000683343775417031 0.000426122746291914 0.0004954469574450155 -0.00019437955019134496 0.0009854275560763142 -1.3094792130723581e-05 0.0006739169161174989 0.0004250862412178006 0.0004962470195376033 0.01999840020431792 0.03615236051382092
96 -0.04045050157454598 -0.14708449215456462 5.556556692080993 -0.0011552497470804345 1.0506121131261936 -0.39851816180043276 0.11098461016364465 0.5505193663411521 0.7249392056970322 -0.9920756253551586 -0.0891410586552075 -0.0332162179410473 26.823995682780364 0.0006975405767619934 9.34728975363819 -0.4474765935681857 0.012207508026182909 0.016068853075994448 2.006176313775463 -0.0003415585494792401 0.0017545390330149925 -0.17678502373846008 0.9842478652820797 -0.0004458596850116886 0.0006325522010233155 -7.847898698015467e-05 0.001696668908933755 -2.837764724176682e-05 0.0006024066650140091 -0.000637855791579472 0.00043795637844742946 -8.003934570779323e-05 0.001694661064794651 -2.91563600454668e-05 0.0006023661313081031 0.01999217610430667 0.02110398406084001
97 -0.11127268571218274 -0.17925188465764394 5.808745037285084 -0.03436012249940662 0.565984414169661 -0.4160315955803824 -0.3779726324224819 -0.11803448148141854 -0.0019205342238821999 0.1511391497760215 -0.26347469786599365 -0.04876095959451957 26.80231369647963 0.001023980151484911 5.613503679854993 -0.4858167562850566 -0.02027815468242695 0.019087959437981812 1.9960008872858925 -0.005694394004617341 0.004083243724934323 0.6246586880351368 0.7808664575071878 0.0003722423588069204 0.0008161747898045344 0.0001390282032668544 -0.0011789007097233208 0.0011596384920685007 8.74652938313359e-05 0.0008760388972302886 -0.00018450399108015786 0.00015016201357619913 -0.0011800807076323327 0.001159298498053289 9.185428639008246e-05 0.018495673965511585 0.02813443895531967
98 0.05884507238281334 -0.18102638832393353 5.186329937479609 0.006192516937899503 1.508989454898278 -0.39873736604620735 -0.2630726654848848 -0.8989167167653193 -0.8440397676033216 1.0456572045641508 0.1334576312005239 -0.04973275751833019 26.858131055267016 0.001044387907884934 12.191710104762201 -0.4444340582110021 -0.023077188325300493 0.010454861827348207 1.9860983478450713 0.000129360545394366 -0.0026692516483395514 0.4036603032127571 0.9149050322146404 3.937679194701279e-05 7.473151610054796e-05 0.0002412543309406393 4.1470546864189736e-05 0.00018719830015602733 0.0005757107308877219 8.29457950376884e-05 2.083039943181521e-05 0.00024088394090394883 4.434257136283852e-05 0.0001860936063235745 0.0005760616029569639 0.01999058983201255 0.02889838558582401
99 -0.27595113385916115 -0.019995559820920158 5.604543703208714 -0.0035156081061270736 0.9869148714000743 -0.3932987623403914 0.22253366159012536 -0.6694657721408884 -0.15450251596168124 2.0888646901681858 -0.6522021361156755 -0.0006967297618148469 26.887884622846222 1.4631324998111786e-05 8.919587836417113 -0.4666390910316917 0.035800846319318375 -0.0015576723878367336 1.991320748044811 -0.00081178344294126 0.002586031112774666 -0.0479257987862225 0.9988472211812115 0.0015193793873904597 0.0009773621504740003 0.0007037938876688027 -0.00023787075196061956 -0.00022770502242165777 0.00020414759899387922 0.0014152204549731976 0.0011170159760794053 0.000713093756342718 -0.00023890951399233522 -0.00022808629278887557 0.0002037188833326017 0.01556291247914442 0.03687080626930924
100 0.15943459878334326 -0.19153236456624342 5.341712621517481 0.004757394504580242 1.3354384338517267 -0.39750471675508947 -0.7151674003167519 -0.9271034682248629 -0.38121506672268296 1.55935833031387 0.3570126746482236 -0.05530110980400198 26.78963397315372 0.0011613233058840415 11.165371381686747 -0.4445538972007179 0.03170784509697456 -0.007986450155338727 2.0030859506177565 0.0001986472227470659 0.0009573812642396324 -0.9499702725795072 0.3123387987036077 0.0008071601228816963 9.116923696348679e-05 6.158410169453949e-05 0.0001777008105967234 0.0015924956760832007 0.0004863333190328976 -0.0007038363566161839 0.00040550410024646364 6.158492598830341e-05 0.0001772264057984142 0.0015916691136091635 0.000489031474721159 0.019463275997441024 0.032843476033950415
101 -0.14008898561990923 -0.11539425530892888 5.644276485873457 0.005228204651081935 0.9137815878762513 -0.3838794063550228 0.37130065007133506 0.4143712426003338 0.12994645281795258 0.6306317283658358 -0.31928845590864474 -0.020660582457260643 26.840263977597537 0.00043387223160247355 8.357282170389386 -0.42228617353728026 0.023090448909255053 0.003336137640595427 2.0039478555632413 0.0003514530624514783 0.0032058971589647854 -0.2627199205282369 0.964866748344966 0.0011985376391579318 0.000684947569979684 0.00013489833282086006 0.0009708976106643617 0.0003157041367372549 0.0009309212120171946 0.0006849504067870312 0.0011978957152710009 0.0001404706441746754 0.0009649665304877947 0.00031476719520130204 0.0009312195444950791 0.013431276328623993 0.023661872468934714
102 0.004182925423878638 -0.18370831837823115 5.545551119297986 -0.008380334761936635 1.082812273357092 -0.4043442337813926 -1.0049150010942882 -0.8364827852360338 0.6035794937114983 1.7152988776747655 -0.000794322565407457 -0.05122318659381613 26.902115102816612 0.0010756869184701389 9.579867814048061 -0.4572876575218705 -0.021621149944228514 0.013269730800947628 1.9916650696847977 -0.001231035781983757 0.001202124567551437 0.4651972736191317 0.8852053637799278 0.0016379198372937385 0.0001472403660147739 0.0004975051779291464 0.0001808138903274278 -0.000582612318881719 0.0008110276097620482 0.0010486322006512771 -0.0012659957078264444 0.0004995977345556152 0.00017815890774130482 -0.000583472482175491 0.000810404659118217 0.019651015903045188 0.026702639266553946
103 -0.06159871932255076 -0.18062841029381335 5.551213531938564 -0.00955495025272245 1.0485728501887437 -0.2138455193385999 -0.36717923388103985 -0.35968461438610033 0.20486330482783496 -1.6312557536796566 -0.07292338511578211 -0.04906299077049905 26.769412593832286 0.00103032280618048 9.32929881286903 -0.12039880456201377 -0.01843643279453428 0.01781157505443045 1.998699337815964 -0.0023101249413941304 0.0001580097254471382 0.5334128399041057 0.8458518668071371 0.00036402384306836495 -8.041793566264777e-05 -4.494261491389013e-05 -0.0012977961014318143 0.0010410054093712227 0.000985897845188983 8.442853561193822e-05 -0.0003629733288808329 -4.6069797366517115e-05 -0.0013004893833306443 0.001037311387283571 0.0009897801046358093 0.003397858330067496 0.02566799529032155
104 -0.2759135613096165 -0.004892877910674153 5.628576648150896 -0.008783686991863836 0.9595821325106189 -0.3927184410840634 -0.2065163079164974 -0.294100067724527 0.765720840554612 -2.696578128243427 -0.6479704138177226 -5.2527664557264253e-05 26.92054275392243 1.1030809557025494e-06 8.727797223531326 -0.4647821289410211 0.0336470242573308 0.012570021557090447 1.9855262591811833 -0.0011756674186341831 0.0027331125916221655 0.17141060279542877 0.9851951853064397 0.0010326965698109441 0.0006763285596726322 0.0009899110643903028 0.000670717259720406 -0.00019940464729321036 0.0009319530186179323 0.001194689437892264 0.0002864222632320919 0.0009972391265108697 0.0006653227964974543 -0.00020069013780291898 0.0009316614248901728 0.0177707365958234 0.03872488678626971
105 0.08049992897892216 -0.12210751165919533 5.647257231935956 -0.01474055391848528 0.9089020311793812 -0.40619994498499484 0.3963515803732057 -0.9288079116505537 -0.5781712524772927 1.404171201928266 0.20045415085985618 -0.022505306049252438 26.810200212753102 0.0004726114270343012 8.275355739699947 -0.47098384670395643 -0.014039674065042404 -0.012886342082302743 1.9965147361798614 -0.0032715286003287035 0.001095583107261442 0.75343712195862 0.6575109124972635 -0.0009704913069327793 7.435620246232934e-05 4.6425151382628365e-06 2.1317830376634907e-05 -0.001288611512492922 0.001176203423411812 0.00020498476000110807 0.0009514795122666775 8.471158573391655e-06 1.382482895755613e-05 -0.0012917253640392415 0.001172758953153795 0.017194668342650498 0.019373108269214775
106 -0.00985679799297725 -0.1889044721165756 5.5660971133132895 -0.011246432053192033 1.0446775904236543 -0.4015955246855989 -0.07256237312164603 0.45360745347265136 0.3135204278228225 -3.0122991388486517 -0.021867167030935386 -0.05393979395603107 26.846179053358732 0.0011327356730766525 9.277944572374437 -0.44938702709777073 -0.0139703360419495 0.02092812266554721 2.00331382181639 -0.0017572956497775274 0.0014486842918193567 0.31241940411518787 0.9499415398634449 0.00011825893076498319 0.000185302271734864 -0.00010070215491966013 0.001115626459902953 0.0007053275703701338 0.0005661892673779325 0.00020554777456989484 7.917858481682566e-05 -9.97190789017334e-05 0.0011134464289278543 0.000703947681827363 0.0005678997946231583 0.019993976450660502 0.025379874358632395
107 0.0303275052582962 -0.1850316834737031 5.4378548785566965 -0.0013041446428591215 1.21932767359882 -0.3996159889767551 1.0108540952300376 -0.8565037399519128 0.031324091031095146 -1.7140777953866053 0.08011225426943347 -0.05196697970215562 26.831295588966498 0.001091306573745268 10.471326659653684 -0.4461107065897638 0.015130288285246263 0.020550903725573576 2.0027737631678013 -0.00027817293888811963 0.00012813211896905226 -0.3731155564069566 0.9277848283783818 -0.0014070668889088651 4.568387155249686e-05 -0.00016258982278768262 0.0004642576806777528 0.0011479247925623344 0.0006549002596986525 -0.0010469205496048803 -0.0009411077156766007 -0.00016319720208022358 0.00046423791790306366 0.0011475239192963265 0.0006556024205148054 0.018709849038768545 0.02567019730433534
108 -0.03384258560428748 -0.022302987088461453 5.50604720555446 -0.0032678183984914816 1.1308870835368385 -0.39397294720594106 0.6284211937634023 0.719668421163211 -0.7589644329229737 -2.2037422140405365 -0.0824651189160186 -0.0008070518966265393 26.85894125803848 1.6948089829157328e-05 9.904243559074017 -0.4525413944045362 0.004729194308997042 0.0011675769176186547 1.9976494150365471 -0.0007743072739702381 0.0010953062679103086 -0.13918093176070687 0.9902660596964062 0.0006004900297254807 0.0006445542316962894 0.00029978687955829953 0.00015649342513660377 -5.823422249587891e-05 0.0004106039111419064 0.0003989643431834804 0.0007845560160376029 0.0003020097963973742 0.00015569120707656313 -5.89889914212965e-05 0.00041049537372790505 0.019998674893924342 0.005408674915468352
109 0.2528451875125405 -0.207012130275595 3.916849657545982 -0.027088809916772066 2.4337621966095266 -0.3860940661713541 -0.6099008258415903 -0.20062146320199645 -0.9629734350391481 -2.6376399538257074 0.5681192701992878 -0.06436583636065943 26.8128542219677 0.001351682563573848 14.500486679573452 -0.4265191945184901 0.0047605743197021225 0.043295738770750956 1.9835149220418256 -0.0034781534686076083 -0.005104496798019825 -0.4639402805177591 0.8858449427941613 -0.001730609592244823 -0.00012457998155093275 -8.200773253276881e-05 0.00017894399430378366 0.0002695512244452205 0.0008915961692115384 -0.000884135750741062 -0.001493381074999099 -7.32935185692638e-05 0.00018988467847322056 0.00026827967159699916 0.0008919125017569373 0.01821002375754111 0.0465718998844325
110 -0.10441492204166371 -0.20379577210059024 5.591598774698168 -0.013949211647394493 0.9933402899905753 -0.4038810481116524 -0.962934321285757 0.6192797348623166 -0.06771012934082568 -1.7585676231175182 -0.24323276428282858 -0.062345043581708705 26.796039226433574 0.0013092459152158828 8.920884481737279 -0.45448856584851854 -0.00556610217230373 0.030082421369527913 2.0022370895464388 -0.0025981663273712888 0.001336792788714146 0.31791614218006237 0.9481143333259558 0.0004402836281804497 -3.8455173368047806e-05 -1.6717373694901198e-05 -0.001049102562083454 0.001605262539139138 0.00032620588973465865 0.0003281704072649992 -0.00029603751157939926 -1.6550520208250126e-05 -0.0010504683414008557 0.0016039193421873367 0.0003327446174849556 0.015859757499769592 0.03067471496990868
111 0.05984190901262358 -0.18842727577589405 5.414162572310647 -0.004409860406975897 1.2511701136068523 -0.39583958174498113 -0.34303390581061194 0.35045258789172534 0.5720045916861185 -2.4909668621592926 0.1389579744532644 -0.05371770668666287 26.84692895517703 0.0011280718404199203 10.683775288503726 -0.43593001176471 0.005165044892923014 0.025898453943444588 2.0011218711077525 -0.0009253038725505826 1.44307822739294e-05 -0.2446447208819257 0.9696123473580051 -0.0003969736435677109 -8.862401103964604e-07 -3.71534825697566e-05 -0.00016309815431531384 7.762646046669587e-05 5.544820857115203e-05 -0.00034905040317441085 -0.00018904588006682399 -3.734583845035112e-05 -0.00016307460230691173 7.752644828151022e-05 5.5587952476185835e-05 0.01999994779288101 0.02643229464479088
112 -0.04802570476602598 0.0033708909882985234 5.587083561540426 -0.008519121392487753 1.0176010465721534 -0.3876830581324472 -1.014459079666803 -0.664241122608839 0.46302639587633354 -1.4282581348017478 -0.10340752052884672 6.988385743143386e-06 26.88181400738214 -1.467561006060111e-07 9.11890028993986 -0.44207889728025546 0.006493304100337535 0.0019600174603941894 1.9891233028549347 -0.0012564553390252949 0.0019355230804129603 0.23250482142646567 0.9725925061832594 -0.0008654221569064999 0.0007423328577018096 0.0007688295172319063 7.600455563481066e-06 -0.00028780904978808396 0.0005335608717575943 -0.00043946516301949666 0.0010522889197608124 0.0007685511093586095 5.279884971133935e-06 -0.0002886325253467859 0.0005331108076888957 0.019994441600789573 0.012818237295743233
113 0.03105643801673639 -0.1930919408920844 5.358691373445839 -0.006274730836849768 1.3155273732902146 -0.3987524090186988 -0.019234535100861157 -0.8142256009933703 -0.08342483994132588 0.23358068686303302 0.06152090777455266 -0.05641635787535372 26.83756815289737 0.0011847435153824282 11.093042641109456 -0.44280182634778453 0.019005827048424562 0.016820696185642706 2.001416335876083 -0.0012415222261567252 -0.00026918699474470217 -0.49289102348631564 0.8700901247155585 0.0013860855434851464 1.5815473675816425e-05 1.0248571435167377e-05 0.0003462021566883333 -0.0002134408662535806 0.0006688189242864152 0.0006990618897491719 0.0011969846744826324 1.133400355518098e-05 0.00034733400177171844 -0.0002147079702419739 0.0006684122704678567 0.019995957439632707 0.025419742116673825
114 -0.10651588326552157 -0.19552198193157866 5.459159514696219 -0.002001205705911605 1.1897219101899816 -0.3911861327210877 -0.9932362587492514 1.0081410797823374 -0.3641478949177657 -2.606786680378839 -0.24411403083828387 -0.057693410465324474 26.844034822549006 0.001211561619771814 10.298519312134959 -0.42747811714140377 0.027449393874378922 0.010375831157277277 2.0032468231313514 -0.0006952740916112344 0.0007057176052191746 -0.3535529151347222 0.9354140017961775 0.0006795623868376353 -0.00028796605389611084 -2.8698693127917477e-05 -0.0001856826604964554 6.047283736309938e-05 0.0007640054400537773 0.0007001669485429101 0.00023356402688394983 -2.7698200340012173e-05 -0.00018631574893984191 5.9097716603543046e-05 0.0007641127767429229 0.01999547943933697 0.029524040318381146
115 -0.09368638099269631 -0.16783874035449584 5.858071973407753 -0.0448078734988322 0.43747977169834096 -0.40882963387509563 0.25387241684349027 0.11420929341134489 -0.9609132395345958 2.3017120911062756 -0.20453481845566868 -0.04257913309176252 26.832751902829475 0.000894161794927013 4.514983162963424 -0.47124073952601286 -0.019268868324342107 0.015300350126852547 1.994897421143835 -0.006603914160385132 0.00613955305984214 0.6539083944803178 0.7565199969823407 -0.001595707122665569 0.00039284201554265106 0.00029078751612306706 -0.0005131033850541313 -0.00040226550538087534 0.0008315558986402314 0.00015247898646505827 0.0016351869144215429 0.0002967783072015307 -0.0005280099385306275 -0.0004038967218048278 0.0008306310746423227 0.01517088022473185 0.025128197537596937
116 -0.10389836776433983 -0.07656161508598304 5.651056241560139 -0.012627689763635529 0.911450068877137 -0.38082048405345015 -0.5580831082284716 0.8924348988948202 -0.10926406296719492 -1.3885153621684225 -0.2298014177013986 -0.0087296770729521 26.866566159091235 0.0001833232185319941 8.335172699772814 -0.41647450086939997 0.010641856381511418 0.013228207806552792 1.9883837432298668 -0.0022678082740501477 0.0029772063729995796 0.13005914675331695 0.9914991737937273 8.15242342657222e-05 0.00018598826376471606 0.0009181615598616652 -0.0015960827429322745 0.00047963326864335656 0.0005087214691996269 0.0001207676792523403 0.0001552494686296074 0.0009195494848982629 -0.0015993862243503533 0.0004777361611623069 0.000510492755034349 0.01925619325118063 0.02057114509130995
117 -0.05926274891482481 -0.15465491704296974 5.593786579264094 -0.011255725579916557 1.002988062211464 -0.40171018580760687 0.8886666559319782 -0.18651876979165324 -0.0035382246182761893 -2.4678123222850914 -0.13503107542432324 -0.036327972980663266 26.864070019139337 0.0007628874325939286 9.008283686580127 -0.45438560556602037 -0.007707703129872817 0.020404116047320092 1.9946772524952496 -0.0016887846585464303 0.0018386755199651674 0.3564910697798093 0.9342953946402371 -0.00020115633242124203 0.00031964926033551766 0.000418773629440323 -3.5838361047528874e-05 -7.98215897342576e-05 0.0005797203922623475 6.095813173944979e-05 0.0003716278161991182 0.0004197472392080025 -3.8528150877335806e-05 -8.089086682175034e-05 0.0005795659169482032 0.01999489573066492 0.022451464990287003
118 -0.03479953120216139 -0.18229537488402706 5.355286764273861 -0.007119032311003768 1.3112593215280106 -0.39845091104650954 0.6666386505780839 -0.05201314842499329 0.3688914674847495 2.1003515674916864 -0.07330766865396698 -0.05038999704946693 26.807588064388675 0.0010581899380388057 11.0835669453228 -0.44326904599526773 0.02448374651024082 0.006813723827146026 2.0017685400932543 -0.0011647264159559934 -0.0005103643260231544 -0.5219280216530369 0.8529885832494933 -0.0010618200839694228 0.00014101965319932263 -5.4728539001464076e-05 0.001606373077253512 4.615558760834391e-05 0.0005148005060681935 -0.0006089986729298346 -0.0008811741312575839 -5.473950184890949e-05 0.0016074471964604583 4.540689027702686e-05 0.0005148659630416823 0.019970782372947565 0.025475643458640944
119 0.0790475021490362 -0.13661921437656777 5.581494252640593 -0.009422903121055438 1.0063716207467766 -0.399035894215928 -0.014085620307370856 0.146044536570827 0.6762058383445428 3.039469582584899 0.19179102775243062 -0.02868063590345258 26.785173617667773 0.0006022933539725042 9.027399338490696 -0.4490227087582688 -0.01852481004650923 -0.009069417209364841 1.9977772099833535 -0.0023350298490765276 0.0004748349139134122 0.6697910335005914 0.7425458191988008 -0.0009881976023397808 0.0007037297813737557 -1.4964329078729767e-05 -0.0015121246284816561 -3.461196177933773e-05 -0.0002373348025329313 0.0005985098780700829 0.0010553133291029823 -9.681987261761359e-06 -0.0015112148915566556 -3.393977321499788e-05 -0.0002374301172227349 0.013446426972188273 0.02074520935625562
120 -0.0034526286757654945 -0.17930505312131992 5.450258703197542 -0.004241394295897664 1.2030069597410413 -0.40171847351916956 1.033321958257607 0.8204835202345249 -0.5089928772977321 1.9420284374792 0.0035959976260810933 -0.048592399302925506 26.843819614234963 0.0010204403853614357 10.379725444914376 -0.4510108064610798 0.0061601829526011925 0.02336546500079458 2.0016863657998814 -0.0008765278886957263 0.00034068619187023247 -0.09578068649237839 0.9954020171402245 -0.0016449560712570649 1.107989614433962e-05 -4.5666357234903185e-05 1.628315396240361e-06 -2.369854005954169e-05 0.0006127490950346636 -0.0016168636557890518 -0.0003027009361087928 -4.7039542030892285e-05 1.3156108078111692e-06 -2.4807734917863038e-05 0.0006127051107758432 0.019991023585632855 0.024222647219572933
121 -0.03463272098868637 -0.03844011318426848 5.524586115413067 0.00022238606797400079 1.10576929532495 -0.39384566718483893 -0.9767048138919339 0.5412374893961236 0.9267448326572301 1.2920492964476908 -0.07734572664440453 -0.002333406119203599 26.863209253398203 4.900152850327558e-05 9.732621998752602 -0.44986914064905603 0.007038440702763847 0.0005591378904175673 1.9978914690736571 -0.00044995730220731876 0.001468805764555408 -0.3403954618961397 0.9402811120449915 -0.00032962893869664504 0.0006007264957481208 0.00033218009534377954 1.8999861382852198e-05 -9.556970329861839e-05 0.0003744877818497606 -0.0006386024621263797 0.0002498952315554284 0.0003310746808118685 1.8080174145269812e-05 -9.626089069820613e-05 0.0003743095804821363 0.019996804049968026 0.007368730241647325
122 0.18009335994185977 -0.15124117481451455 5.610477378454995 -0.007986169174410446 0.973728871543126 -0.40966115666286057 0.011876210261605472 0.13431990424354662 -0.5887846472578007 0.826372801248429 0.43250363235721945 -0.03452222087852083 26.83862624565477 0.0007249666384489376 8.781114430933679 -0.48002458989860797 -0.029760480384511276 0.009779939873713669 2.0005361690305996 -0.0012790420242432745 0.0023250553819228036 0.19068414557622942 0.9816478568177259 -0.00012061639780517044 -9.532814536603055e-05 0.00021051416484393367 -0.001413873654329871 -0.0005802707501207703 0.0007175016696781103 -0.00014859476754125093 -4.358165112097206e-05 0.00020969553896850676 -0.0014174988726548766 -0.0005814355195529865 0.0007165489402900839 0.01999202238046601 0.031330829766855986
123 -0.2839295058707405 -0.18337071566089314 5.9187620963339524 -0.06163979550107448 0.19036804611123656 -0.4005019997157634 0.7659887940973877 -0.5423533522945014 -0.2494723839217788 -1.3753492726210335 -0.6451454935644552 -0.0502024312578899 26.83709813698143 0.001054251056415688 2.378859662862798 -0.46307652258268966 -0.017380991598390107 0.04149251263530208 1.9990482393540832 -0.008636881464719819 0.008860763440626187 0.6438735532697712 0.765031854597946 -0.0003715837213997612 -2.3059247656440166e-05 3.933770626836475e-05 -2.389181068792865e-05 -3.5738230540795725e-05 0.0003682241100641968 -8.711263748120816e-05 0.0003621217966977201 3.7852857140713e-05 -3.297945346890595e-05 -3.640265349304595e-05 0.0003680468420216472 0.019999139974164262 0.04499592561622803
124 -0.16940702798877977 -0.18436141711804355 5.784773907566186 -0.032849547476795186 0.6360208076542401 -0.3998558355048413 -0.9541127904416211 1.0204768540475506 -1.0344389036580586 -1.774331498639231 -0.3821830064080274 -0.05112094415058749 26.83976732546948 0.0010735398271623374 6.174893415003089 -0.4511589460671923 -0.015523413959599861 0.02933161901182895 1.999137693122198 -0.004581149627653574 0.004852023258529935 0.5811956186134001 0.8137365199147542 -0.0005924788689237394 2.8665555800647562e-05 0.0001369544138004101 -6.4312279589317595e-06 -9.717408158873305e-05 0.0003712447989471029 -0.0001668839094704234 0.0005694902666270854 0.00013579408178122568 -1.1339687557523674e-05 -9.784800844440105e-05 0.0003710352774949061 0.019997897788299267 0.033197346700718264
125 -0.04621267717041166 -0.15997497742458833 5.5374353902627815 -0.007420505907047131 1.0839109440296602 -0.39761231108317874 -0.2549809692938224 -0.9031594881620819 0.14878964305017595 -1.1604619083408085 -0.09806813357199984 -0.038901443820015105 26.846327105867395 0.0008169303202203173 9.578023379948895 -0.44346364521605475 -0.002877954584502032 0.021690889269559345 1.9989528562744123 -0.0012234410491814124 0.0012250273720553293 0.221270467028834 0.9752109427814982 -0.0010996033440412 0.00031983228810009156 0.00017393582070636065 1.9168264931397584e-05 -5.178399328626441e-05 0.00037692289324471265 -0.0008544059774187409 0.0007627521499919947 0.000172839404929664 1.806360082251593e-05 -5.247898928466475e-05 0.000376825138245186 0.019998949942669764 0.02190602222852836
126 -0.004088051650521575 -0.1923492985519404 5.508293154119639 -0.005328086979717521 1.1243736894638026 -0.4028775821387258 -0.41843680415797047 0.09720659251393679 0.539152005666055 1.171063920427887 0.0026274199875169213 -0.055950619046540834 26.841189137196913 0.0011749629999773575 9.850861488114898 -0.450066931377071 -0.004065842190806551 0.025177583080832996 2.0033550918099277 -0.0009599155909441532 0.0009467268632541608 0.10831760526483579 0.9941154252198262 -0.0014425078352488631 -3.139242404317204e-05 -7.63344509309448e-05 -9.019170084847927e-05 -6.596684645026167e-05 0.00039426971755646736 -0.0014152572846567123 0.0002801359935714827 -7.881580280897503e-05 -9.101582827973073e-05 -6.663836531994822e-05 0.000394155913432884 0.01999675934496704 0.025723499053702515
127 0.2569020210114989 -0.20025024834811037 4.7835470776951245 -0.006534913019044325 1.8666189546533845 -0.3896412386841628 0.6965454472594808 -0.6738251772864092 0.42555977509195586 -0.8022779490680487 0.5654080822794201 -0.060487819019043584 26.818416522140964 0.0012702441993999154 13.691799705922143 -0.43423934711271744 0.04291169983285135 -0.0027720271536135904 2.015213414710332 -0.003918536428300037 -9.981530170711242e-05 -0.9556444062122093 0.2944968658313356 0.0007988262946036124 5.746240444940478e-05 0.00034658653300576845 -0.00013665625133200352 0.0016227913185078934 0.0007096421210217661 -0.0006899675195492388 0.000401405877851853 0.00035265527775613537 -0.00013129969843966613 0.0016212852143917757 0.0007130562139751565 0.019494311156555873 0.04561300367475981
128 -0.16811679312375924 -0.21543765039734994 5.673296362227702 -0.01829595949116466 0.8539034809087109 -0.4076802408257927 -0.17045782288301548 -0.6552161481505483 -0.3440878894559638 -2.194780566975732 -0.3990464537523577 -0.0699867766045937 26.81450490188376 0.0014697223086964676 7.923209970208321 -0.46698724358654475 -0.015598832982996157 0.03321233341182393 2.002118111368907 -0.002877351067281082 0.0025780845017709703 0.5150782147195189 0.8571344743110562 0.0011373424325131674 6.26052255591079e-05 -2.1882946778119403e-06 -0.0014510265544566256 -0.0001739027881764332 0.0007519630975742023 0.0005891353082547165 -0.0009748802987627901 -5.785901652618009e-08 -0.001456578788218296 -0.00017561434931919308 0.0007515447111532213 0.01569328636031224 0.036754170877067234
129 -0.20454576317714127 -0.18082382973664737 5.786068449495901 -0.03266921846393357 0.6350329434900821 -0.39928106487501736 0.5365570264659135 -0.5470175062912209 0.4377740267737153 -1.5930295442379059 -0.45946417359560876 -0.04918624197777234 26.845570552808255 0.0010329110815332193 6.1720671263418705 -0.4528399278720518 -0.011976686455260923 0.034025314231860754 1.9948682874998678 -0.004503343893491898 0.00493692079804053 0.5664255725909662 0.8240858070746073 -0.001131777267437005 7.293201403950693e-05 0.0004102076628629208 -7.055731113350769e-06 -0.00012531035496611204 0.0004357664440714296 -0.000342834840459538 0.001082019597567997 0.0004076849900062126 -1.2824629979899828e-05 -0.00012610737434995466 0.0004354982534761986 0.01999259805956513 0.03643483909952821
130 -0.29251879300958405 -0.18265426372905075 5.915609958667057 -0.06149723952827622 0.20816354244632226 -0.397378291411017 0.5988367369326917 0.3381113735152176 -0.364691141184519 1.5167800515635035 -0.6625397159217821 -0.04974231465911011 26.838245747756538 0.0010445886078413124 2.530178279833118 -0.4572224094952567 -0.01995344821189226 0.04149403512910443 1.9986520566827781 -0.00881791715010882 0.008563129881765037 0.6673002360762791 0.7446873921829912 9.64886055473144e-07 -0.00012389915656642366 3.8424753489017975e-05 0.00012638384083997207 -0.00013178161071585444 0.0004610900835486319 -0.00012395654153445973 -1.456249089252517e-05 3.537093939216051e-05 0.00011507694088349942 -0.00013256749758089027 0.0004607260256033561 0.019993341613572368 0.04606204509166372
131 -0.07212814248785987 -0.001998903266330353 5.569067750423513 -0.0057360652901752825 1.0378170432330813 -0.38592943164943805 0.16871883038456126 -0.03637225094446536 0.08726379550949404 1.3147853098238862 -0.15331933601894332 -1.221717417140019e-05 26.854180094882075 2.56560657599404e-07 9.262022626302647 -0.4379652294418506 0.010420673446423175 0.0019991442099402956 1.9982615201020102 -0.0009101270656574635 0.0018869243368398307 0.12052911176819049 0.9927075825245028 -0.0016373357612069286 0.0008234163983802315 0.0003277895671523358 -0.00018311659264899773 -0.000357283989219091 0.0006071479123053057 -0.0013940110125247678 0.0011908684492690771 0.0003238743489033909 -0.00018552437236508452 -0.0003581046003300836 0.0006066594878416298 0.019996377166477154 0.010752177686628952
132 0.13477728107514908 -0.14938796544083496 5.600207689195927 -0.004050006719462213 0.9984652394343705 -0.4275416237839247 0.9640677871378452 0.1573353015964547 -0.44280186392439935 2.7917807400392105 0.35104544072549393 -0.03369787281609312 26.870720322737643 0.0007076553291379556 8.957758475953638 -0.5194768839018897 -0.013814988863136271 0.022122826118487593 1.9946507489565106 -0.000971252451121542 0.002363502487266473 -0.0689450294281304 0.9976171878239785 -0.0018504132574125186 7.9903987482971e-05 0.0005578158496730714 -0.0003933776474231546 -0.00014023674808582142 -0.00023899936325163872 -0.001846348899952843 -0.0001766556838902849 0.0005489634792610156 -0.00039228259647152016 -0.00013969534681750149 -0.0002393137106171023 0.01806779330832022 0.026624947689783133
